ID,Error Message,Module,Severity,Predicted Cause,Solution,Confidence,Timestamp
1,Null pointer exception,User Management,HIGH,Runtime Exception,Check application traceback,70
2,"Traceback (most recent call last):
  File ""C:\failure_learning_system\monitored_apps\sample.py"", line 4, in <module>
    print(x / y)
          ~~^~~
ZeroDivisionError: division by zero
",Python Runtime,MEDIUM,Mathematical Runtime Exception,Check denominator before division,92
3,"Traceback (most recent call last):
  File ""C:\failure_learning_system\monitored_apps\api.py"", line 3, in <module>
    print(data[""name""])
          ~~~~^^^^^^^^
KeyError: 'name'
",Python Runtime,LOW,API Failure,Check API endpoint and authentication,90
4,"Traceback (most recent call last):
  File ""C:\Users\J SRIHARI\AppData\Local\Programs\Python\Python314\Lib\site-packages\urllib3\connection.py"", line 204, in _new_conn
    sock = connection.create_connection(
        (self._dns_host, self.port),
    ...<2 lines>...
        socket_options=self.socket_options,
    )
  File ""C:\Users\J SRIHARI\AppData\Local\Programs\Python\Python314\Lib\site-packages\urllib3\util\connection.py"", line 60, in create_connection
    for res in socket.getaddrinfo(host, port, family, socket.SOCK_STREAM):
               ~~~~~~~~~~~~~~~~~~^^^^^^^^^^^^^^^^^^^^^^^^^^^^^^^^^^^^^^^^
  File ""C:\Users\J SRIHARI\AppData\Local\Programs\Python\Python314\Lib\socket.py"", line 983, in getaddrinfo
    for res in _socket.getaddrinfo(host, port, family, type, proto, flags):
               ~~~~~~~~~~~~~~~~~~~^^^^^^^^^^^^^^^^^^^^^^^^^^^^^^^^^^^^^^^^
socket.gaierror: [Errno 11001] getaddrinfo failed

The above exception was the direct cause of the following exception:

Traceback (most recent call last):
  File ""C:\Users\J SRIHARI\AppData\Local\Programs\Python\Python314\Lib\site-packages\urllib3\connectionpool.py"", line 787, in urlopen
    response = self._make_request(
        conn,
    ...<10 lines>...
        **response_kw,
    )
  File ""C:\Users\J SRIHARI\AppData\Local\Programs\Python\Python314\Lib\site-packages\urllib3\connectionpool.py"", line 493, in _make_request
    conn.request(
    ~~~~~~~~~~~~^
        method,
        ^^^^^^^
    ...<6 lines>...
        enforce_content_length=enforce_content_length,
        ^^^^^^^^^^^^^^^^^^^^^^^^^^^^^^^^^^^^^^^^^^^^^^
    )
    ^
  File ""C:\Users\J SRIHARI\AppData\Local\Programs\Python\Python314\Lib\site-packages\urllib3\connection.py"", line 500, in request
    self.endheaders()
    ~~~~~~~~~~~~~~~^^
  File ""C:\Users\J SRIHARI\AppData\Local\Programs\Python\Python314\Lib\http\client.py"", line 1333, in endheaders
    self._send_output(message_body, encode_chunked=encode_chunked)
    ~~~~~~~~~~~~~~~~~^^^^^^^^^^^^^^^^^^^^^^^^^^^^^^^^^^^^^^^^^^^^^
  File ""C:\Users\J SRIHARI\AppData\Local\Programs\Python\Python314\Lib\http\client.py"", line 1093, in _send_output
    self.send(msg)
    ~~~~~~~~~^^^^^
  File ""C:\Users\J SRIHARI\AppData\Local\Programs\Python\Python314\Lib\http\client.py"", line 1037, in send
    self.connect()
    ~~~~~~~~~~~~^^
  File ""C:\Users\J SRIHARI\AppData\Local\Programs\Python\Python314\Lib\site-packages\urllib3\connection.py"", line 331, in connect
    self.sock = self._new_conn()
                ~~~~~~~~~~~~~~^^
  File ""C:\Users\J SRIHARI\AppData\Local\Programs\Python\Python314\Lib\site-packages\urllib3\connection.py"", line 211, in _new_conn
    raise NameResolutionError(self.host, self, e) from e
urllib3.exceptions.NameResolutionError: HTTPConnection(host='invalid-payment-api.com', port=80): Failed to resolve 'invalid-payment-api.com' ([Errno 11001] getaddrinfo failed)

The above exception was the direct cause of the following exception:

Traceback (most recent call last):
  File ""C:\Users\J SRIHARI\AppData\Local\Programs\Python\Python314\Lib\site-packages\requests\adapters.py"", line 645, in send
    resp = conn.urlopen(
        method=request.method,
    ...<9 lines>...
        chunked=chunked,
    )
  File ""C:\Users\J SRIHARI\AppData\Local\Programs\Python\Python314\Lib\site-packages\urllib3\connectionpool.py"", line 841, in urlopen
    retries = retries.increment(
        method, url, error=new_e, _pool=self, _stacktrace=sys.exc_info()[2]
    )
  File ""C:\Users\J SRIHARI\AppData\Local\Programs\Python\Python314\Lib\site-packages\urllib3\util\retry.py"", line 535, in increment
    raise MaxRetryError(_pool, url, reason) from reason  # type: ignore[arg-type]
    ^^^^^^^^^^^^^^^^^^^^^^^^^^^^^^^^^^^^^^^^^^^^^^^^^^^
urllib3.exceptions.MaxRetryError: HTTPConnectionPool(host='invalid-payment-api.com', port=80): Max retries exceeded with url: / (Caused by NameResolutionError(""HTTPConnection(host='invalid-payment-api.com', port=80): Failed to resolve 'invalid-payment-api.com' ([Errno 11001] getaddrinfo failed)""))

During handling of the above exception, another exception occurred:

Traceback (most recent call last):
  File ""C:\failure_learning_system\monitored_apps\payment.py"", line 3, in <module>
    requests.get(""http://invalid-payment-api.com"")
    ~~~~~~~~~~~~^^^^^^^^^^^^^^^^^^^^^^^^^^^^^^^^^^
  File ""C:\Users\J SRIHARI\AppData\Local\Programs\Python\Python314\Lib\site-packages\requests\api.py"", line 73, in get
    return request(""get"", url, params=params, **kwargs)
  File ""C:\Users\J SRIHARI\AppData\Local\Programs\Python\Python314\Lib\site-packages\requests\api.py"", line 59, in request
    return session.request(method=method, url=url, **kwargs)
           ~~~~~~~~~~~~~~~^^^^^^^^^^^^^^^^^^^^^^^^^^^^^^^^^^
  File ""C:\Users\J SRIHARI\AppData\Local\Programs\Python\Python314\Lib\site-packages\requests\sessions.py"", line 592, in request
    resp = self.send(prep, **send_kwargs)
  File ""C:\Users\J SRIHARI\AppData\Local\Programs\Python\Python314\Lib\site-packages\requests\sessions.py"", line 706, in send
    r = adapter.send(request, **kwargs)
  File ""C:\Users\J SRIHARI\AppData\Local\Programs\Python\Python314\Lib\site-packages\requests\adapters.py"", line 678, in send
    raise ConnectionError(e, request=request)
requests.exceptions.ConnectionError: HTTPConnectionPool(host='invalid-payment-api.com', port=80): Max retries exceeded with url: / (Caused by NameResolutionError(""HTTPConnection(host='invalid-payment-api.com', port=80): Failed to resolve 'invalid-payment-api.com' ([Errno 11001] getaddrinfo failed)""))
",Python Runtime,LOW,API Failure,Check API endpoint and authentication,90
5,"Traceback (most recent call last):
  File ""C:\failure_learning_system\monitored_apps\backend.py"", line 3, in <module>
    print(numbers[11])
          ~~~~~~~^^^^
IndexError: list index out of range
",Python Runtime,LOW,Runtime Exception,Check application logic and traceback,70
6,"Traceback (most recent call last):
  File ""C:\failure_learning_system\monitored_apps\sample.py"", line 4, in <module>
    print(x / y)
          ~~^~~
ZeroDivisionError: division by zero
",Python Runtime,MEDIUM,Mathematical Runtime Exception,Check denominator before division,92
7,"Traceback (most recent call last):
  File ""C:\failure_learning_system\monitored_apps\api.py"", line 3, in <module>
    print(data[""name""])
          ~~~~^^^^^^^^
KeyError: 'name'
",Python Runtime,LOW,API Failure,Check API endpoint and authentication,90
8,"Traceback (most recent call last):
  File ""C:\Users\J SRIHARI\AppData\Local\Programs\Python\Python314\Lib\site-packages\urllib3\connection.py"", line 204, in _new_conn
    sock = connection.create_connection(
        (self._dns_host, self.port),
    ...<2 lines>...
        socket_options=self.socket_options,
    )
  File ""C:\Users\J SRIHARI\AppData\Local\Programs\Python\Python314\Lib\site-packages\urllib3\util\connection.py"", line 60, in create_connection
    for res in socket.getaddrinfo(host, port, family, socket.SOCK_STREAM):
               ~~~~~~~~~~~~~~~~~~^^^^^^^^^^^^^^^^^^^^^^^^^^^^^^^^^^^^^^^^
  File ""C:\Users\J SRIHARI\AppData\Local\Programs\Python\Python314\Lib\socket.py"", line 983, in getaddrinfo
    for res in _socket.getaddrinfo(host, port, family, type, proto, flags):
               ~~~~~~~~~~~~~~~~~~~^^^^^^^^^^^^^^^^^^^^^^^^^^^^^^^^^^^^^^^^
socket.gaierror: [Errno 11001] getaddrinfo failed

The above exception was the direct cause of the following exception:

Traceback (most recent call last):
  File ""C:\Users\J SRIHARI\AppData\Local\Programs\Python\Python314\Lib\site-packages\urllib3\connectionpool.py"", line 787, in urlopen
    response = self._make_request(
        conn,
    ...<10 lines>...
        **response_kw,
    )
  File ""C:\Users\J SRIHARI\AppData\Local\Programs\Python\Python314\Lib\site-packages\urllib3\connectionpool.py"", line 493, in _make_request
    conn.request(
    ~~~~~~~~~~~~^
        method,
        ^^^^^^^
    ...<6 lines>...
        enforce_content_length=enforce_content_length,
        ^^^^^^^^^^^^^^^^^^^^^^^^^^^^^^^^^^^^^^^^^^^^^^
    )
    ^
  File ""C:\Users\J SRIHARI\AppData\Local\Programs\Python\Python314\Lib\site-packages\urllib3\connection.py"", line 500, in request
    self.endheaders()
    ~~~~~~~~~~~~~~~^^
  File ""C:\Users\J SRIHARI\AppData\Local\Programs\Python\Python314\Lib\http\client.py"", line 1333, in endheaders
    self._send_output(message_body, encode_chunked=encode_chunked)
    ~~~~~~~~~~~~~~~~~^^^^^^^^^^^^^^^^^^^^^^^^^^^^^^^^^^^^^^^^^^^^^
  File ""C:\Users\J SRIHARI\AppData\Local\Programs\Python\Python314\Lib\http\client.py"", line 1093, in _send_output
    self.send(msg)
    ~~~~~~~~~^^^^^
  File ""C:\Users\J SRIHARI\AppData\Local\Programs\Python\Python314\Lib\http\client.py"", line 1037, in send
    self.connect()
    ~~~~~~~~~~~~^^
  File ""C:\Users\J SRIHARI\AppData\Local\Programs\Python\Python314\Lib\site-packages\urllib3\connection.py"", line 331, in connect
    self.sock = self._new_conn()
                ~~~~~~~~~~~~~~^^
  File ""C:\Users\J SRIHARI\AppData\Local\Programs\Python\Python314\Lib\site-packages\urllib3\connection.py"", line 211, in _new_conn
    raise NameResolutionError(self.host, self, e) from e
urllib3.exceptions.NameResolutionError: HTTPConnection(host='invalid-payment-api.com', port=80): Failed to resolve 'invalid-payment-api.com' ([Errno 11001] getaddrinfo failed)

The above exception was the direct cause of the following exception:

Traceback (most recent call last):
  File ""C:\Users\J SRIHARI\AppData\Local\Programs\Python\Python314\Lib\site-packages\requests\adapters.py"", line 645, in send
    resp = conn.urlopen(
        method=request.method,
    ...<9 lines>...
        chunked=chunked,
    )
  File ""C:\Users\J SRIHARI\AppData\Local\Programs\Python\Python314\Lib\site-packages\urllib3\connectionpool.py"", line 841, in urlopen
    retries = retries.increment(
        method, url, error=new_e, _pool=self, _stacktrace=sys.exc_info()[2]
    )
  File ""C:\Users\J SRIHARI\AppData\Local\Programs\Python\Python314\Lib\site-packages\urllib3\util\retry.py"", line 535, in increment
    raise MaxRetryError(_pool, url, reason) from reason  # type: ignore[arg-type]
    ^^^^^^^^^^^^^^^^^^^^^^^^^^^^^^^^^^^^^^^^^^^^^^^^^^^
urllib3.exceptions.MaxRetryError: HTTPConnectionPool(host='invalid-payment-api.com', port=80): Max retries exceeded with url: / (Caused by NameResolutionError(""HTTPConnection(host='invalid-payment-api.com', port=80): Failed to resolve 'invalid-payment-api.com' ([Errno 11001] getaddrinfo failed)""))

During handling of the above exception, another exception occurred:

Traceback (most recent call last):
  File ""C:\failure_learning_system\monitored_apps\payment.py"", line 3, in <module>
    requests.get(""http://invalid-payment-api.com"")
    ~~~~~~~~~~~~^^^^^^^^^^^^^^^^^^^^^^^^^^^^^^^^^^
  File ""C:\Users\J SRIHARI\AppData\Local\Programs\Python\Python314\Lib\site-packages\requests\api.py"", line 73, in get
    return request(""get"", url, params=params, **kwargs)
  File ""C:\Users\J SRIHARI\AppData\Local\Programs\Python\Python314\Lib\site-packages\requests\api.py"", line 59, in request
    return session.request(method=method, url=url, **kwargs)
           ~~~~~~~~~~~~~~~^^^^^^^^^^^^^^^^^^^^^^^^^^^^^^^^^^
  File ""C:\Users\J SRIHARI\AppData\Local\Programs\Python\Python314\Lib\site-packages\requests\sessions.py"", line 592, in request
    resp = self.send(prep, **send_kwargs)
  File ""C:\Users\J SRIHARI\AppData\Local\Programs\Python\Python314\Lib\site-packages\requests\sessions.py"", line 706, in send
    r = adapter.send(request, **kwargs)
  File ""C:\Users\J SRIHARI\AppData\Local\Programs\Python\Python314\Lib\site-packages\requests\adapters.py"", line 678, in send
    raise ConnectionError(e, request=request)
requests.exceptions.ConnectionError: HTTPConnectionPool(host='invalid-payment-api.com', port=80): Max retries exceeded with url: / (Caused by NameResolutionError(""HTTPConnection(host='invalid-payment-api.com', port=80): Failed to resolve 'invalid-payment-api.com' ([Errno 11001] getaddrinfo failed)""))
",Python Runtime,LOW,API Failure,Check API endpoint and authentication,90
9,"Traceback (most recent call last):
  File ""C:\failure_learning_system\monitored_apps\backend.py"", line 3, in <module>
    print(numbers[11])
          ~~~~~~~^^^^
IndexError: list index out of range
",Python Runtime,LOW,Runtime Exception,Check application logic and traceback,70
10,"Traceback (most recent call last):
  File ""C:\failure_learning_system\monitored_apps\sample.py"", line 4, in <module>
    print(x / y)
          ~~^~~
ZeroDivisionError: division by zero
",Python Runtime,MEDIUM,Mathematical Runtime Exception,Check denominator before division,92
11,"Traceback (most recent call last):
  File ""C:\failure_learning_system\monitored_apps\api.py"", line 3, in <module>
    print(data[""name""])
          ~~~~^^^^^^^^
KeyError: 'name'
",Python Runtime,LOW,API Failure,Check API endpoint and authentication,90
12,"Traceback (most recent call last):
  File ""C:\Users\J SRIHARI\AppData\Local\Programs\Python\Python314\Lib\site-packages\urllib3\connection.py"", line 204, in _new_conn
    sock = connection.create_connection(
        (self._dns_host, self.port),
    ...<2 lines>...
        socket_options=self.socket_options,
    )
  File ""C:\Users\J SRIHARI\AppData\Local\Programs\Python\Python314\Lib\site-packages\urllib3\util\connection.py"", line 60, in create_connection
    for res in socket.getaddrinfo(host, port, family, socket.SOCK_STREAM):
               ~~~~~~~~~~~~~~~~~~^^^^^^^^^^^^^^^^^^^^^^^^^^^^^^^^^^^^^^^^
  File ""C:\Users\J SRIHARI\AppData\Local\Programs\Python\Python314\Lib\socket.py"", line 983, in getaddrinfo
    for res in _socket.getaddrinfo(host, port, family, type, proto, flags):
               ~~~~~~~~~~~~~~~~~~~^^^^^^^^^^^^^^^^^^^^^^^^^^^^^^^^^^^^^^^^
socket.gaierror: [Errno 11001] getaddrinfo failed

The above exception was the direct cause of the following exception:

Traceback (most recent call last):
  File ""C:\Users\J SRIHARI\AppData\Local\Programs\Python\Python314\Lib\site-packages\urllib3\connectionpool.py"", line 787, in urlopen
    response = self._make_request(
        conn,
    ...<10 lines>...
        **response_kw,
    )
  File ""C:\Users\J SRIHARI\AppData\Local\Programs\Python\Python314\Lib\site-packages\urllib3\connectionpool.py"", line 493, in _make_request
    conn.request(
    ~~~~~~~~~~~~^
        method,
        ^^^^^^^
    ...<6 lines>...
        enforce_content_length=enforce_content_length,
        ^^^^^^^^^^^^^^^^^^^^^^^^^^^^^^^^^^^^^^^^^^^^^^
    )
    ^
  File ""C:\Users\J SRIHARI\AppData\Local\Programs\Python\Python314\Lib\site-packages\urllib3\connection.py"", line 500, in request
    self.endheaders()
    ~~~~~~~~~~~~~~~^^
  File ""C:\Users\J SRIHARI\AppData\Local\Programs\Python\Python314\Lib\http\client.py"", line 1333, in endheaders
    self._send_output(message_body, encode_chunked=encode_chunked)
    ~~~~~~~~~~~~~~~~~^^^^^^^^^^^^^^^^^^^^^^^^^^^^^^^^^^^^^^^^^^^^^
  File ""C:\Users\J SRIHARI\AppData\Local\Programs\Python\Python314\Lib\http\client.py"", line 1093, in _send_output
    self.send(msg)
    ~~~~~~~~~^^^^^
  File ""C:\Users\J SRIHARI\AppData\Local\Programs\Python\Python314\Lib\http\client.py"", line 1037, in send
    self.connect()
    ~~~~~~~~~~~~^^
  File ""C:\Users\J SRIHARI\AppData\Local\Programs\Python\Python314\Lib\site-packages\urllib3\connection.py"", line 331, in connect
    self.sock = self._new_conn()
                ~~~~~~~~~~~~~~^^
  File ""C:\Users\J SRIHARI\AppData\Local\Programs\Python\Python314\Lib\site-packages\urllib3\connection.py"", line 211, in _new_conn
    raise NameResolutionError(self.host, self, e) from e
urllib3.exceptions.NameResolutionError: HTTPConnection(host='invalid-payment-api.com', port=80): Failed to resolve 'invalid-payment-api.com' ([Errno 11001] getaddrinfo failed)

The above exception was the direct cause of the following exception:

Traceback (most recent call last):
  File ""C:\Users\J SRIHARI\AppData\Local\Programs\Python\Python314\Lib\site-packages\requests\adapters.py"", line 645, in send
    resp = conn.urlopen(
        method=request.method,
    ...<9 lines>...
        chunked=chunked,
    )
  File ""C:\Users\J SRIHARI\AppData\Local\Programs\Python\Python314\Lib\site-packages\urllib3\connectionpool.py"", line 841, in urlopen
    retries = retries.increment(
        method, url, error=new_e, _pool=self, _stacktrace=sys.exc_info()[2]
    )
  File ""C:\Users\J SRIHARI\AppData\Local\Programs\Python\Python314\Lib\site-packages\urllib3\util\retry.py"", line 535, in increment
    raise MaxRetryError(_pool, url, reason) from reason  # type: ignore[arg-type]
    ^^^^^^^^^^^^^^^^^^^^^^^^^^^^^^^^^^^^^^^^^^^^^^^^^^^
urllib3.exceptions.MaxRetryError: HTTPConnectionPool(host='invalid-payment-api.com', port=80): Max retries exceeded with url: / (Caused by NameResolutionError(""HTTPConnection(host='invalid-payment-api.com', port=80): Failed to resolve 'invalid-payment-api.com' ([Errno 11001] getaddrinfo failed)""))

During handling of the above exception, another exception occurred:

Traceback (most recent call last):
  File ""C:\failure_learning_system\monitored_apps\payment.py"", line 3, in <module>
    requests.get(""http://invalid-payment-api.com"")
    ~~~~~~~~~~~~^^^^^^^^^^^^^^^^^^^^^^^^^^^^^^^^^^
  File ""C:\Users\J SRIHARI\AppData\Local\Programs\Python\Python314\Lib\site-packages\requests\api.py"", line 73, in get
    return request(""get"", url, params=params, **kwargs)
  File ""C:\Users\J SRIHARI\AppData\Local\Programs\Python\Python314\Lib\site-packages\requests\api.py"", line 59, in request
    return session.request(method=method, url=url, **kwargs)
           ~~~~~~~~~~~~~~~^^^^^^^^^^^^^^^^^^^^^^^^^^^^^^^^^^
  File ""C:\Users\J SRIHARI\AppData\Local\Programs\Python\Python314\Lib\site-packages\requests\sessions.py"", line 592, in request
    resp = self.send(prep, **send_kwargs)
  File ""C:\Users\J SRIHARI\AppData\Local\Programs\Python\Python314\Lib\site-packages\requests\sessions.py"", line 706, in send
    r = adapter.send(request, **kwargs)
  File ""C:\Users\J SRIHARI\AppData\Local\Programs\Python\Python314\Lib\site-packages\requests\adapters.py"", line 678, in send
    raise ConnectionError(e, request=request)
requests.exceptions.ConnectionError: HTTPConnectionPool(host='invalid-payment-api.com', port=80): Max retries exceeded with url: / (Caused by NameResolutionError(""HTTPConnection(host='invalid-payment-api.com', port=80): Failed to resolve 'invalid-payment-api.com' ([Errno 11001] getaddrinfo failed)""))
",Python Runtime,LOW,API Failure,Check API endpoint and authentication,90
13,"Traceback (most recent call last):
  File ""C:\failure_learning_system\monitored_apps\backend.py"", line 3, in <module>
    print(numbers[11])
          ~~~~~~~^^^^
IndexError: list index out of range
",Python Runtime,LOW,Runtime Exception,Check application logic and traceback,70
14,"Traceback (most recent call last):
  File ""C:\failure_learning_system\monitored_apps\sample.py"", line 4, in <module>
    print(x / y)
          ~~^~~
ZeroDivisionError: division by zero
",Python Runtime,MEDIUM,Mathematical Runtime Exception,Check denominator before division,92
15,"Traceback (most recent call last):
  File ""C:\failure_learning_system\monitored_apps\api.py"", line 3, in <module>
    print(data[""name""])
          ~~~~^^^^^^^^
KeyError: 'name'
",Python Runtime,LOW,API Failure,Check API endpoint and authentication,90
16,"Traceback (most recent call last):
  File ""C:\Users\J SRIHARI\AppData\Local\Programs\Python\Python314\Lib\site-packages\urllib3\connection.py"", line 204, in _new_conn
    sock = connection.create_connection(
        (self._dns_host, self.port),
    ...<2 lines>...
        socket_options=self.socket_options,
    )
  File ""C:\Users\J SRIHARI\AppData\Local\Programs\Python\Python314\Lib\site-packages\urllib3\util\connection.py"", line 60, in create_connection
    for res in socket.getaddrinfo(host, port, family, socket.SOCK_STREAM):
               ~~~~~~~~~~~~~~~~~~^^^^^^^^^^^^^^^^^^^^^^^^^^^^^^^^^^^^^^^^
  File ""C:\Users\J SRIHARI\AppData\Local\Programs\Python\Python314\Lib\socket.py"", line 983, in getaddrinfo
    for res in _socket.getaddrinfo(host, port, family, type, proto, flags):
               ~~~~~~~~~~~~~~~~~~~^^^^^^^^^^^^^^^^^^^^^^^^^^^^^^^^^^^^^^^^
socket.gaierror: [Errno 11001] getaddrinfo failed

The above exception was the direct cause of the following exception:

Traceback (most recent call last):
  File ""C:\Users\J SRIHARI\AppData\Local\Programs\Python\Python314\Lib\site-packages\urllib3\connectionpool.py"", line 787, in urlopen
    response = self._make_request(
        conn,
    ...<10 lines>...
        **response_kw,
    )
  File ""C:\Users\J SRIHARI\AppData\Local\Programs\Python\Python314\Lib\site-packages\urllib3\connectionpool.py"", line 493, in _make_request
    conn.request(
    ~~~~~~~~~~~~^
        method,
        ^^^^^^^
    ...<6 lines>...
        enforce_content_length=enforce_content_length,
        ^^^^^^^^^^^^^^^^^^^^^^^^^^^^^^^^^^^^^^^^^^^^^^
    )
    ^
  File ""C:\Users\J SRIHARI\AppData\Local\Programs\Python\Python314\Lib\site-packages\urllib3\connection.py"", line 500, in request
    self.endheaders()
    ~~~~~~~~~~~~~~~^^
  File ""C:\Users\J SRIHARI\AppData\Local\Programs\Python\Python314\Lib\http\client.py"", line 1333, in endheaders
    self._send_output(message_body, encode_chunked=encode_chunked)
    ~~~~~~~~~~~~~~~~~^^^^^^^^^^^^^^^^^^^^^^^^^^^^^^^^^^^^^^^^^^^^^
  File ""C:\Users\J SRIHARI\AppData\Local\Programs\Python\Python314\Lib\http\client.py"", line 1093, in _send_output
    self.send(msg)
    ~~~~~~~~~^^^^^
  File ""C:\Users\J SRIHARI\AppData\Local\Programs\Python\Python314\Lib\http\client.py"", line 1037, in send
    self.connect()
    ~~~~~~~~~~~~^^
  File ""C:\Users\J SRIHARI\AppData\Local\Programs\Python\Python314\Lib\site-packages\urllib3\connection.py"", line 331, in connect
    self.sock = self._new_conn()
                ~~~~~~~~~~~~~~^^
  File ""C:\Users\J SRIHARI\AppData\Local\Programs\Python\Python314\Lib\site-packages\urllib3\connection.py"", line 211, in _new_conn
    raise NameResolutionError(self.host, self, e) from e
urllib3.exceptions.NameResolutionError: HTTPConnection(host='invalid-payment-api.com', port=80): Failed to resolve 'invalid-payment-api.com' ([Errno 11001] getaddrinfo failed)

The above exception was the direct cause of the following exception:

Traceback (most recent call last):
  File ""C:\Users\J SRIHARI\AppData\Local\Programs\Python\Python314\Lib\site-packages\requests\adapters.py"", line 645, in send
    resp = conn.urlopen(
        method=request.method,
    ...<9 lines>...
        chunked=chunked,
    )
  File ""C:\Users\J SRIHARI\AppData\Local\Programs\Python\Python314\Lib\site-packages\urllib3\connectionpool.py"", line 841, in urlopen
    retries = retries.increment(
        method, url, error=new_e, _pool=self, _stacktrace=sys.exc_info()[2]
    )
  File ""C:\Users\J SRIHARI\AppData\Local\Programs\Python\Python314\Lib\site-packages\urllib3\util\retry.py"", line 535, in increment
    raise MaxRetryError(_pool, url, reason) from reason  # type: ignore[arg-type]
    ^^^^^^^^^^^^^^^^^^^^^^^^^^^^^^^^^^^^^^^^^^^^^^^^^^^
urllib3.exceptions.MaxRetryError: HTTPConnectionPool(host='invalid-payment-api.com', port=80): Max retries exceeded with url: / (Caused by NameResolutionError(""HTTPConnection(host='invalid-payment-api.com', port=80): Failed to resolve 'invalid-payment-api.com' ([Errno 11001] getaddrinfo failed)""))

During handling of the above exception, another exception occurred:

Traceback (most recent call last):
  File ""C:\failure_learning_system\monitored_apps\payment.py"", line 3, in <module>
    requests.get(""http://invalid-payment-api.com"")
    ~~~~~~~~~~~~^^^^^^^^^^^^^^^^^^^^^^^^^^^^^^^^^^
  File ""C:\Users\J SRIHARI\AppData\Local\Programs\Python\Python314\Lib\site-packages\requests\api.py"", line 73, in get
    return request(""get"", url, params=params, **kwargs)
  File ""C:\Users\J SRIHARI\AppData\Local\Programs\Python\Python314\Lib\site-packages\requests\api.py"", line 59, in request
    return session.request(method=method, url=url, **kwargs)
           ~~~~~~~~~~~~~~~^^^^^^^^^^^^^^^^^^^^^^^^^^^^^^^^^^
  File ""C:\Users\J SRIHARI\AppData\Local\Programs\Python\Python314\Lib\site-packages\requests\sessions.py"", line 592, in request
    resp = self.send(prep, **send_kwargs)
  File ""C:\Users\J SRIHARI\AppData\Local\Programs\Python\Python314\Lib\site-packages\requests\sessions.py"", line 706, in send
    r = adapter.send(request, **kwargs)
  File ""C:\Users\J SRIHARI\AppData\Local\Programs\Python\Python314\Lib\site-packages\requests\adapters.py"", line 678, in send
    raise ConnectionError(e, request=request)
requests.exceptions.ConnectionError: HTTPConnectionPool(host='invalid-payment-api.com', port=80): Max retries exceeded with url: / (Caused by NameResolutionError(""HTTPConnection(host='invalid-payment-api.com', port=80): Failed to resolve 'invalid-payment-api.com' ([Errno 11001] getaddrinfo failed)""))
",Python Runtime,LOW,API Failure,Check API endpoint and authentication,90
17,"Traceback (most recent call last):
  File ""C:\failure_learning_system\monitored_apps\backend.py"", line 3, in <module>
    print(numbers[11])
          ~~~~~~~^^^^
IndexError: list index out of range
",Python Runtime,LOW,Runtime Exception,Check application logic and traceback,70
18,"Traceback (most recent call last):
  File ""C:\failure_learning_system\monitored_apps\sample.py"", line 4, in <module>
    print(x / y)
          ~~^~~
ZeroDivisionError: division by zero
",Python Runtime,MEDIUM,Mathematical Runtime Exception,Check denominator before division,92
19,"Traceback (most recent call last):
  File ""C:\failure_learning_system\monitored_apps\api.py"", line 3, in <module>
    print(data[""name""])
          ~~~~^^^^^^^^
KeyError: 'name'
",Python Runtime,LOW,API Failure,Check API endpoint and authentication,90
20,"Traceback (most recent call last):
  File ""C:\Users\J SRIHARI\AppData\Local\Programs\Python\Python314\Lib\site-packages\urllib3\connection.py"", line 204, in _new_conn
    sock = connection.create_connection(
        (self._dns_host, self.port),
    ...<2 lines>...
        socket_options=self.socket_options,
    )
  File ""C:\Users\J SRIHARI\AppData\Local\Programs\Python\Python314\Lib\site-packages\urllib3\util\connection.py"", line 60, in create_connection
    for res in socket.getaddrinfo(host, port, family, socket.SOCK_STREAM):
               ~~~~~~~~~~~~~~~~~~^^^^^^^^^^^^^^^^^^^^^^^^^^^^^^^^^^^^^^^^
  File ""C:\Users\J SRIHARI\AppData\Local\Programs\Python\Python314\Lib\socket.py"", line 983, in getaddrinfo
    for res in _socket.getaddrinfo(host, port, family, type, proto, flags):
               ~~~~~~~~~~~~~~~~~~~^^^^^^^^^^^^^^^^^^^^^^^^^^^^^^^^^^^^^^^^
socket.gaierror: [Errno 11001] getaddrinfo failed

The above exception was the direct cause of the following exception:

Traceback (most recent call last):
  File ""C:\Users\J SRIHARI\AppData\Local\Programs\Python\Python314\Lib\site-packages\urllib3\connectionpool.py"", line 787, in urlopen
    response = self._make_request(
        conn,
    ...<10 lines>...
        **response_kw,
    )
  File ""C:\Users\J SRIHARI\AppData\Local\Programs\Python\Python314\Lib\site-packages\urllib3\connectionpool.py"", line 493, in _make_request
    conn.request(
    ~~~~~~~~~~~~^
        method,
        ^^^^^^^
    ...<6 lines>...
        enforce_content_length=enforce_content_length,
        ^^^^^^^^^^^^^^^^^^^^^^^^^^^^^^^^^^^^^^^^^^^^^^
    )
    ^
  File ""C:\Users\J SRIHARI\AppData\Local\Programs\Python\Python314\Lib\site-packages\urllib3\connection.py"", line 500, in request
    self.endheaders()
    ~~~~~~~~~~~~~~~^^
  File ""C:\Users\J SRIHARI\AppData\Local\Programs\Python\Python314\Lib\http\client.py"", line 1333, in endheaders
    self._send_output(message_body, encode_chunked=encode_chunked)
    ~~~~~~~~~~~~~~~~~^^^^^^^^^^^^^^^^^^^^^^^^^^^^^^^^^^^^^^^^^^^^^
  File ""C:\Users\J SRIHARI\AppData\Local\Programs\Python\Python314\Lib\http\client.py"", line 1093, in _send_output
    self.send(msg)
    ~~~~~~~~~^^^^^
  File ""C:\Users\J SRIHARI\AppData\Local\Programs\Python\Python314\Lib\http\client.py"", line 1037, in send
    self.connect()
    ~~~~~~~~~~~~^^
  File ""C:\Users\J SRIHARI\AppData\Local\Programs\Python\Python314\Lib\site-packages\urllib3\connection.py"", line 331, in connect
    self.sock = self._new_conn()
                ~~~~~~~~~~~~~~^^
  File ""C:\Users\J SRIHARI\AppData\Local\Programs\Python\Python314\Lib\site-packages\urllib3\connection.py"", line 211, in _new_conn
    raise NameResolutionError(self.host, self, e) from e
urllib3.exceptions.NameResolutionError: HTTPConnection(host='invalid-payment-api.com', port=80): Failed to resolve 'invalid-payment-api.com' ([Errno 11001] getaddrinfo failed)

The above exception was the direct cause of the following exception:

Traceback (most recent call last):
  File ""C:\Users\J SRIHARI\AppData\Local\Programs\Python\Python314\Lib\site-packages\requests\adapters.py"", line 645, in send
    resp = conn.urlopen(
        method=request.method,
    ...<9 lines>...
        chunked=chunked,
    )
  File ""C:\Users\J SRIHARI\AppData\Local\Programs\Python\Python314\Lib\site-packages\urllib3\connectionpool.py"", line 841, in urlopen
    retries = retries.increment(
        method, url, error=new_e, _pool=self, _stacktrace=sys.exc_info()[2]
    )
  File ""C:\Users\J SRIHARI\AppData\Local\Programs\Python\Python314\Lib\site-packages\urllib3\util\retry.py"", line 535, in increment
    raise MaxRetryError(_pool, url, reason) from reason  # type: ignore[arg-type]
    ^^^^^^^^^^^^^^^^^^^^^^^^^^^^^^^^^^^^^^^^^^^^^^^^^^^
urllib3.exceptions.MaxRetryError: HTTPConnectionPool(host='invalid-payment-api.com', port=80): Max retries exceeded with url: / (Caused by NameResolutionError(""HTTPConnection(host='invalid-payment-api.com', port=80): Failed to resolve 'invalid-payment-api.com' ([Errno 11001] getaddrinfo failed)""))

During handling of the above exception, another exception occurred:

Traceback (most recent call last):
  File ""C:\failure_learning_system\monitored_apps\payment.py"", line 3, in <module>
    requests.get(""http://invalid-payment-api.com"")
    ~~~~~~~~~~~~^^^^^^^^^^^^^^^^^^^^^^^^^^^^^^^^^^
  File ""C:\Users\J SRIHARI\AppData\Local\Programs\Python\Python314\Lib\site-packages\requests\api.py"", line 73, in get
    return request(""get"", url, params=params, **kwargs)
  File ""C:\Users\J SRIHARI\AppData\Local\Programs\Python\Python314\Lib\site-packages\requests\api.py"", line 59, in request
    return session.request(method=method, url=url, **kwargs)
           ~~~~~~~~~~~~~~~^^^^^^^^^^^^^^^^^^^^^^^^^^^^^^^^^^
  File ""C:\Users\J SRIHARI\AppData\Local\Programs\Python\Python314\Lib\site-packages\requests\sessions.py"", line 592, in request
    resp = self.send(prep, **send_kwargs)
  File ""C:\Users\J SRIHARI\AppData\Local\Programs\Python\Python314\Lib\site-packages\requests\sessions.py"", line 706, in send
    r = adapter.send(request, **kwargs)
  File ""C:\Users\J SRIHARI\AppData\Local\Programs\Python\Python314\Lib\site-packages\requests\adapters.py"", line 678, in send
    raise ConnectionError(e, request=request)
requests.exceptions.ConnectionError: HTTPConnectionPool(host='invalid-payment-api.com', port=80): Max retries exceeded with url: / (Caused by NameResolutionError(""HTTPConnection(host='invalid-payment-api.com', port=80): Failed to resolve 'invalid-payment-api.com' ([Errno 11001] getaddrinfo failed)""))
",Python Runtime,LOW,API Failure,Check API endpoint and authentication,90
21,"Traceback (most recent call last):
  File ""C:\failure_learning_system\monitored_apps\backend.py"", line 3, in <module>
    print(numbers[11])
          ~~~~~~~^^^^
IndexError: list index out of range
",Python Runtime,LOW,Runtime Exception,Check application logic and traceback,70
22,"Traceback (most recent call last):
  File ""C:\failure_learning_system\monitored_apps\sample.py"", line 4, in <module>
    print(x / y)
          ~~^~~
ZeroDivisionError: division by zero
",Python Runtime,MEDIUM,Mathematical Runtime Exception,Check denominator before division,92
23,"Traceback (most recent call last):
  File ""C:\failure_learning_system\monitored_apps\api.py"", line 3, in <module>
    print(data[""name""])
          ~~~~^^^^^^^^
KeyError: 'name'
",Python Runtime,LOW,API Failure,Check API endpoint and authentication,90
24,"Traceback (most recent call last):
  File ""C:\Users\J SRIHARI\AppData\Local\Programs\Python\Python314\Lib\site-packages\urllib3\connection.py"", line 204, in _new_conn
    sock = connection.create_connection(
        (self._dns_host, self.port),
    ...<2 lines>...
        socket_options=self.socket_options,
    )
  File ""C:\Users\J SRIHARI\AppData\Local\Programs\Python\Python314\Lib\site-packages\urllib3\util\connection.py"", line 60, in create_connection
    for res in socket.getaddrinfo(host, port, family, socket.SOCK_STREAM):
               ~~~~~~~~~~~~~~~~~~^^^^^^^^^^^^^^^^^^^^^^^^^^^^^^^^^^^^^^^^
  File ""C:\Users\J SRIHARI\AppData\Local\Programs\Python\Python314\Lib\socket.py"", line 983, in getaddrinfo
    for res in _socket.getaddrinfo(host, port, family, type, proto, flags):
               ~~~~~~~~~~~~~~~~~~~^^^^^^^^^^^^^^^^^^^^^^^^^^^^^^^^^^^^^^^^
socket.gaierror: [Errno 11001] getaddrinfo failed

The above exception was the direct cause of the following exception:

Traceback (most recent call last):
  File ""C:\Users\J SRIHARI\AppData\Local\Programs\Python\Python314\Lib\site-packages\urllib3\connectionpool.py"", line 787, in urlopen
    response = self._make_request(
        conn,
    ...<10 lines>...
        **response_kw,
    )
  File ""C:\Users\J SRIHARI\AppData\Local\Programs\Python\Python314\Lib\site-packages\urllib3\connectionpool.py"", line 493, in _make_request
    conn.request(
    ~~~~~~~~~~~~^
        method,
        ^^^^^^^
    ...<6 lines>...
        enforce_content_length=enforce_content_length,
        ^^^^^^^^^^^^^^^^^^^^^^^^^^^^^^^^^^^^^^^^^^^^^^
    )
    ^
  File ""C:\Users\J SRIHARI\AppData\Local\Programs\Python\Python314\Lib\site-packages\urllib3\connection.py"", line 500, in request
    self.endheaders()
    ~~~~~~~~~~~~~~~^^
  File ""C:\Users\J SRIHARI\AppData\Local\Programs\Python\Python314\Lib\http\client.py"", line 1333, in endheaders
    self._send_output(message_body, encode_chunked=encode_chunked)
    ~~~~~~~~~~~~~~~~~^^^^^^^^^^^^^^^^^^^^^^^^^^^^^^^^^^^^^^^^^^^^^
  File ""C:\Users\J SRIHARI\AppData\Local\Programs\Python\Python314\Lib\http\client.py"", line 1093, in _send_output
    self.send(msg)
    ~~~~~~~~~^^^^^
  File ""C:\Users\J SRIHARI\AppData\Local\Programs\Python\Python314\Lib\http\client.py"", line 1037, in send
    self.connect()
    ~~~~~~~~~~~~^^
  File ""C:\Users\J SRIHARI\AppData\Local\Programs\Python\Python314\Lib\site-packages\urllib3\connection.py"", line 331, in connect
    self.sock = self._new_conn()
                ~~~~~~~~~~~~~~^^
  File ""C:\Users\J SRIHARI\AppData\Local\Programs\Python\Python314\Lib\site-packages\urllib3\connection.py"", line 211, in _new_conn
    raise NameResolutionError(self.host, self, e) from e
urllib3.exceptions.NameResolutionError: HTTPConnection(host='invalid-payment-api.com', port=80): Failed to resolve 'invalid-payment-api.com' ([Errno 11001] getaddrinfo failed)

The above exception was the direct cause of the following exception:

Traceback (most recent call last):
  File ""C:\Users\J SRIHARI\AppData\Local\Programs\Python\Python314\Lib\site-packages\requests\adapters.py"", line 645, in send
    resp = conn.urlopen(
        method=request.method,
    ...<9 lines>...
        chunked=chunked,
    )
  File ""C:\Users\J SRIHARI\AppData\Local\Programs\Python\Python314\Lib\site-packages\urllib3\connectionpool.py"", line 841, in urlopen
    retries = retries.increment(
        method, url, error=new_e, _pool=self, _stacktrace=sys.exc_info()[2]
    )
  File ""C:\Users\J SRIHARI\AppData\Local\Programs\Python\Python314\Lib\site-packages\urllib3\util\retry.py"", line 535, in increment
    raise MaxRetryError(_pool, url, reason) from reason  # type: ignore[arg-type]
    ^^^^^^^^^^^^^^^^^^^^^^^^^^^^^^^^^^^^^^^^^^^^^^^^^^^
urllib3.exceptions.MaxRetryError: HTTPConnectionPool(host='invalid-payment-api.com', port=80): Max retries exceeded with url: / (Caused by NameResolutionError(""HTTPConnection(host='invalid-payment-api.com', port=80): Failed to resolve 'invalid-payment-api.com' ([Errno 11001] getaddrinfo failed)""))

During handling of the above exception, another exception occurred:

Traceback (most recent call last):
  File ""C:\failure_learning_system\monitored_apps\payment.py"", line 3, in <module>
    requests.get(""http://invalid-payment-api.com"")
    ~~~~~~~~~~~~^^^^^^^^^^^^^^^^^^^^^^^^^^^^^^^^^^
  File ""C:\Users\J SRIHARI\AppData\Local\Programs\Python\Python314\Lib\site-packages\requests\api.py"", line 73, in get
    return request(""get"", url, params=params, **kwargs)
  File ""C:\Users\J SRIHARI\AppData\Local\Programs\Python\Python314\Lib\site-packages\requests\api.py"", line 59, in request
    return session.request(method=method, url=url, **kwargs)
           ~~~~~~~~~~~~~~~^^^^^^^^^^^^^^^^^^^^^^^^^^^^^^^^^^
  File ""C:\Users\J SRIHARI\AppData\Local\Programs\Python\Python314\Lib\site-packages\requests\sessions.py"", line 592, in request
    resp = self.send(prep, **send_kwargs)
  File ""C:\Users\J SRIHARI\AppData\Local\Programs\Python\Python314\Lib\site-packages\requests\sessions.py"", line 706, in send
    r = adapter.send(request, **kwargs)
  File ""C:\Users\J SRIHARI\AppData\Local\Programs\Python\Python314\Lib\site-packages\requests\adapters.py"", line 678, in send
    raise ConnectionError(e, request=request)
requests.exceptions.ConnectionError: HTTPConnectionPool(host='invalid-payment-api.com', port=80): Max retries exceeded with url: / (Caused by NameResolutionError(""HTTPConnection(host='invalid-payment-api.com', port=80): Failed to resolve 'invalid-payment-api.com' ([Errno 11001] getaddrinfo failed)""))
",Python Runtime,LOW,API Failure,Check API endpoint and authentication,90
25,"Traceback (most recent call last):
  File ""C:\failure_learning_system\monitored_apps\backend.py"", line 3, in <module>
    print(numbers[11])
          ~~~~~~~^^^^
IndexError: list index out of range
",Python Runtime,LOW,Runtime Exception,Check application logic and traceback,70
26,"Traceback (most recent call last):
  File ""C:\failure_learning_system\monitored_apps\sample.py"", line 4, in <module>
    print(x / y)
          ~~^~~
ZeroDivisionError: division by zero
",Python Runtime,MEDIUM,Mathematical Runtime Exception,Check denominator before division,92
27,"Traceback (most recent call last):
  File ""C:\failure_learning_system\monitored_apps\api.py"", line 3, in <module>
    print(data[""name""])
          ~~~~^^^^^^^^
KeyError: 'name'
",Python Runtime,LOW,API Failure,Check API endpoint and authentication,90
28,"Traceback (most recent call last):
  File ""C:\Users\J SRIHARI\AppData\Local\Programs\Python\Python314\Lib\site-packages\urllib3\connection.py"", line 204, in _new_conn
    sock = connection.create_connection(
        (self._dns_host, self.port),
    ...<2 lines>...
        socket_options=self.socket_options,
    )
  File ""C:\Users\J SRIHARI\AppData\Local\Programs\Python\Python314\Lib\site-packages\urllib3\util\connection.py"", line 60, in create_connection
    for res in socket.getaddrinfo(host, port, family, socket.SOCK_STREAM):
               ~~~~~~~~~~~~~~~~~~^^^^^^^^^^^^^^^^^^^^^^^^^^^^^^^^^^^^^^^^
  File ""C:\Users\J SRIHARI\AppData\Local\Programs\Python\Python314\Lib\socket.py"", line 983, in getaddrinfo
    for res in _socket.getaddrinfo(host, port, family, type, proto, flags):
               ~~~~~~~~~~~~~~~~~~~^^^^^^^^^^^^^^^^^^^^^^^^^^^^^^^^^^^^^^^^
socket.gaierror: [Errno 11001] getaddrinfo failed

The above exception was the direct cause of the following exception:

Traceback (most recent call last):
  File ""C:\Users\J SRIHARI\AppData\Local\Programs\Python\Python314\Lib\site-packages\urllib3\connectionpool.py"", line 787, in urlopen
    response = self._make_request(
        conn,
    ...<10 lines>...
        **response_kw,
    )
  File ""C:\Users\J SRIHARI\AppData\Local\Programs\Python\Python314\Lib\site-packages\urllib3\connectionpool.py"", line 493, in _make_request
    conn.request(
    ~~~~~~~~~~~~^
        method,
        ^^^^^^^
    ...<6 lines>...
        enforce_content_length=enforce_content_length,
        ^^^^^^^^^^^^^^^^^^^^^^^^^^^^^^^^^^^^^^^^^^^^^^
    )
    ^
  File ""C:\Users\J SRIHARI\AppData\Local\Programs\Python\Python314\Lib\site-packages\urllib3\connection.py"", line 500, in request
    self.endheaders()
    ~~~~~~~~~~~~~~~^^
  File ""C:\Users\J SRIHARI\AppData\Local\Programs\Python\Python314\Lib\http\client.py"", line 1333, in endheaders
    self._send_output(message_body, encode_chunked=encode_chunked)
    ~~~~~~~~~~~~~~~~~^^^^^^^^^^^^^^^^^^^^^^^^^^^^^^^^^^^^^^^^^^^^^
  File ""C:\Users\J SRIHARI\AppData\Local\Programs\Python\Python314\Lib\http\client.py"", line 1093, in _send_output
    self.send(msg)
    ~~~~~~~~~^^^^^
  File ""C:\Users\J SRIHARI\AppData\Local\Programs\Python\Python314\Lib\http\client.py"", line 1037, in send
    self.connect()
    ~~~~~~~~~~~~^^
  File ""C:\Users\J SRIHARI\AppData\Local\Programs\Python\Python314\Lib\site-packages\urllib3\connection.py"", line 331, in connect
    self.sock = self._new_conn()
                ~~~~~~~~~~~~~~^^
  File ""C:\Users\J SRIHARI\AppData\Local\Programs\Python\Python314\Lib\site-packages\urllib3\connection.py"", line 211, in _new_conn
    raise NameResolutionError(self.host, self, e) from e
urllib3.exceptions.NameResolutionError: HTTPConnection(host='invalid-payment-api.com', port=80): Failed to resolve 'invalid-payment-api.com' ([Errno 11001] getaddrinfo failed)

The above exception was the direct cause of the following exception:

Traceback (most recent call last):
  File ""C:\Users\J SRIHARI\AppData\Local\Programs\Python\Python314\Lib\site-packages\requests\adapters.py"", line 645, in send
    resp = conn.urlopen(
        method=request.method,
    ...<9 lines>...
        chunked=chunked,
    )
  File ""C:\Users\J SRIHARI\AppData\Local\Programs\Python\Python314\Lib\site-packages\urllib3\connectionpool.py"", line 841, in urlopen
    retries = retries.increment(
        method, url, error=new_e, _pool=self, _stacktrace=sys.exc_info()[2]
    )
  File ""C:\Users\J SRIHARI\AppData\Local\Programs\Python\Python314\Lib\site-packages\urllib3\util\retry.py"", line 535, in increment
    raise MaxRetryError(_pool, url, reason) from reason  # type: ignore[arg-type]
    ^^^^^^^^^^^^^^^^^^^^^^^^^^^^^^^^^^^^^^^^^^^^^^^^^^^
urllib3.exceptions.MaxRetryError: HTTPConnectionPool(host='invalid-payment-api.com', port=80): Max retries exceeded with url: / (Caused by NameResolutionError(""HTTPConnection(host='invalid-payment-api.com', port=80): Failed to resolve 'invalid-payment-api.com' ([Errno 11001] getaddrinfo failed)""))

During handling of the above exception, another exception occurred:

Traceback (most recent call last):
  File ""C:\failure_learning_system\monitored_apps\payment.py"", line 3, in <module>
    requests.get(""http://invalid-payment-api.com"")
    ~~~~~~~~~~~~^^^^^^^^^^^^^^^^^^^^^^^^^^^^^^^^^^
  File ""C:\Users\J SRIHARI\AppData\Local\Programs\Python\Python314\Lib\site-packages\requests\api.py"", line 73, in get
    return request(""get"", url, params=params, **kwargs)
  File ""C:\Users\J SRIHARI\AppData\Local\Programs\Python\Python314\Lib\site-packages\requests\api.py"", line 59, in request
    return session.request(method=method, url=url, **kwargs)
           ~~~~~~~~~~~~~~~^^^^^^^^^^^^^^^^^^^^^^^^^^^^^^^^^^
  File ""C:\Users\J SRIHARI\AppData\Local\Programs\Python\Python314\Lib\site-packages\requests\sessions.py"", line 592, in request
    resp = self.send(prep, **send_kwargs)
  File ""C:\Users\J SRIHARI\AppData\Local\Programs\Python\Python314\Lib\site-packages\requests\sessions.py"", line 706, in send
    r = adapter.send(request, **kwargs)
  File ""C:\Users\J SRIHARI\AppData\Local\Programs\Python\Python314\Lib\site-packages\requests\adapters.py"", line 678, in send
    raise ConnectionError(e, request=request)
requests.exceptions.ConnectionError: HTTPConnectionPool(host='invalid-payment-api.com', port=80): Max retries exceeded with url: / (Caused by NameResolutionError(""HTTPConnection(host='invalid-payment-api.com', port=80): Failed to resolve 'invalid-payment-api.com' ([Errno 11001] getaddrinfo failed)""))
",Python Runtime,LOW,API Failure,Check API endpoint and authentication,90
29,"Traceback (most recent call last):
  File ""C:\failure_learning_system\monitored_apps\backend.py"", line 3, in <module>
    print(numbers[11])
          ~~~~~~~^^^^
IndexError: list index out of range
",Python Runtime,LOW,Runtime Exception,Check application logic and traceback,70
30,"Traceback (most recent call last):
  File ""C:\failure_learning_system\monitored_apps\sample.py"", line 4, in <module>
    print(x / y)
          ~~^~~
ZeroDivisionError: division by zero
",Python Runtime,MEDIUM,Mathematical Runtime Exception,Check denominator before division,92
31,"Traceback (most recent call last):
  File ""C:\failure_learning_system\monitored_apps\api.py"", line 3, in <module>
    print(data[""name""])
          ~~~~^^^^^^^^
KeyError: 'name'
",Python Runtime,LOW,API Failure,Check API endpoint and authentication,90
32,"Traceback (most recent call last):
  File ""C:\Users\J SRIHARI\AppData\Local\Programs\Python\Python314\Lib\site-packages\urllib3\connection.py"", line 204, in _new_conn
    sock = connection.create_connection(
        (self._dns_host, self.port),
    ...<2 lines>...
        socket_options=self.socket_options,
    )
  File ""C:\Users\J SRIHARI\AppData\Local\Programs\Python\Python314\Lib\site-packages\urllib3\util\connection.py"", line 60, in create_connection
    for res in socket.getaddrinfo(host, port, family, socket.SOCK_STREAM):
               ~~~~~~~~~~~~~~~~~~^^^^^^^^^^^^^^^^^^^^^^^^^^^^^^^^^^^^^^^^
  File ""C:\Users\J SRIHARI\AppData\Local\Programs\Python\Python314\Lib\socket.py"", line 983, in getaddrinfo
    for res in _socket.getaddrinfo(host, port, family, type, proto, flags):
               ~~~~~~~~~~~~~~~~~~~^^^^^^^^^^^^^^^^^^^^^^^^^^^^^^^^^^^^^^^^
socket.gaierror: [Errno 11001] getaddrinfo failed

The above exception was the direct cause of the following exception:

Traceback (most recent call last):
  File ""C:\Users\J SRIHARI\AppData\Local\Programs\Python\Python314\Lib\site-packages\urllib3\connectionpool.py"", line 787, in urlopen
    response = self._make_request(
        conn,
    ...<10 lines>...
        **response_kw,
    )
  File ""C:\Users\J SRIHARI\AppData\Local\Programs\Python\Python314\Lib\site-packages\urllib3\connectionpool.py"", line 493, in _make_request
    conn.request(
    ~~~~~~~~~~~~^
        method,
        ^^^^^^^
    ...<6 lines>...
        enforce_content_length=enforce_content_length,
        ^^^^^^^^^^^^^^^^^^^^^^^^^^^^^^^^^^^^^^^^^^^^^^
    )
    ^
  File ""C:\Users\J SRIHARI\AppData\Local\Programs\Python\Python314\Lib\site-packages\urllib3\connection.py"", line 500, in request
    self.endheaders()
    ~~~~~~~~~~~~~~~^^
  File ""C:\Users\J SRIHARI\AppData\Local\Programs\Python\Python314\Lib\http\client.py"", line 1333, in endheaders
    self._send_output(message_body, encode_chunked=encode_chunked)
    ~~~~~~~~~~~~~~~~~^^^^^^^^^^^^^^^^^^^^^^^^^^^^^^^^^^^^^^^^^^^^^
  File ""C:\Users\J SRIHARI\AppData\Local\Programs\Python\Python314\Lib\http\client.py"", line 1093, in _send_output
    self.send(msg)
    ~~~~~~~~~^^^^^
  File ""C:\Users\J SRIHARI\AppData\Local\Programs\Python\Python314\Lib\http\client.py"", line 1037, in send
    self.connect()
    ~~~~~~~~~~~~^^
  File ""C:\Users\J SRIHARI\AppData\Local\Programs\Python\Python314\Lib\site-packages\urllib3\connection.py"", line 331, in connect
    self.sock = self._new_conn()
                ~~~~~~~~~~~~~~^^
  File ""C:\Users\J SRIHARI\AppData\Local\Programs\Python\Python314\Lib\site-packages\urllib3\connection.py"", line 211, in _new_conn
    raise NameResolutionError(self.host, self, e) from e
urllib3.exceptions.NameResolutionError: HTTPConnection(host='invalid-payment-api.com', port=80): Failed to resolve 'invalid-payment-api.com' ([Errno 11001] getaddrinfo failed)

The above exception was the direct cause of the following exception:

Traceback (most recent call last):
  File ""C:\Users\J SRIHARI\AppData\Local\Programs\Python\Python314\Lib\site-packages\requests\adapters.py"", line 645, in send
    resp = conn.urlopen(
        method=request.method,
    ...<9 lines>...
        chunked=chunked,
    )
  File ""C:\Users\J SRIHARI\AppData\Local\Programs\Python\Python314\Lib\site-packages\urllib3\connectionpool.py"", line 841, in urlopen
    retries = retries.increment(
        method, url, error=new_e, _pool=self, _stacktrace=sys.exc_info()[2]
    )
  File ""C:\Users\J SRIHARI\AppData\Local\Programs\Python\Python314\Lib\site-packages\urllib3\util\retry.py"", line 535, in increment
    raise MaxRetryError(_pool, url, reason) from reason  # type: ignore[arg-type]
    ^^^^^^^^^^^^^^^^^^^^^^^^^^^^^^^^^^^^^^^^^^^^^^^^^^^
urllib3.exceptions.MaxRetryError: HTTPConnectionPool(host='invalid-payment-api.com', port=80): Max retries exceeded with url: / (Caused by NameResolutionError(""HTTPConnection(host='invalid-payment-api.com', port=80): Failed to resolve 'invalid-payment-api.com' ([Errno 11001] getaddrinfo failed)""))

During handling of the above exception, another exception occurred:

Traceback (most recent call last):
  File ""C:\failure_learning_system\monitored_apps\payment.py"", line 3, in <module>
    requests.get(""http://invalid-payment-api.com"")
    ~~~~~~~~~~~~^^^^^^^^^^^^^^^^^^^^^^^^^^^^^^^^^^
  File ""C:\Users\J SRIHARI\AppData\Local\Programs\Python\Python314\Lib\site-packages\requests\api.py"", line 73, in get
    return request(""get"", url, params=params, **kwargs)
  File ""C:\Users\J SRIHARI\AppData\Local\Programs\Python\Python314\Lib\site-packages\requests\api.py"", line 59, in request
    return session.request(method=method, url=url, **kwargs)
           ~~~~~~~~~~~~~~~^^^^^^^^^^^^^^^^^^^^^^^^^^^^^^^^^^
  File ""C:\Users\J SRIHARI\AppData\Local\Programs\Python\Python314\Lib\site-packages\requests\sessions.py"", line 592, in request
    resp = self.send(prep, **send_kwargs)
  File ""C:\Users\J SRIHARI\AppData\Local\Programs\Python\Python314\Lib\site-packages\requests\sessions.py"", line 706, in send
    r = adapter.send(request, **kwargs)
  File ""C:\Users\J SRIHARI\AppData\Local\Programs\Python\Python314\Lib\site-packages\requests\adapters.py"", line 678, in send
    raise ConnectionError(e, request=request)
requests.exceptions.ConnectionError: HTTPConnectionPool(host='invalid-payment-api.com', port=80): Max retries exceeded with url: / (Caused by NameResolutionError(""HTTPConnection(host='invalid-payment-api.com', port=80): Failed to resolve 'invalid-payment-api.com' ([Errno 11001] getaddrinfo failed)""))
",Python Runtime,LOW,API Failure,Check API endpoint and authentication,90
33,"Traceback (most recent call last):
  File ""C:\failure_learning_system\monitored_apps\backend.py"", line 3, in <module>
    print(numbers[11])
          ~~~~~~~^^^^
IndexError: list index out of range
",Python Runtime,LOW,Runtime Exception,Check application logic and traceback,70
34,"Traceback (most recent call last):
  File ""C:\failure_learning_system\monitored_apps\sample.py"", line 4, in <module>
    print(x / y)
          ~~^~~
ZeroDivisionError: division by zero
",Python Runtime,MEDIUM,Mathematical Runtime Exception,Check denominator before division,92
35,"Traceback (most recent call last):
  File ""C:\failure_learning_system\monitored_apps\api.py"", line 3, in <module>
    print(data[""name""])
          ~~~~^^^^^^^^
KeyError: 'name'
",Python Runtime,LOW,API Failure,Check API endpoint and authentication,90
36,"Traceback (most recent call last):
  File ""C:\Users\J SRIHARI\AppData\Local\Programs\Python\Python314\Lib\site-packages\urllib3\connection.py"", line 204, in _new_conn
    sock = connection.create_connection(
        (self._dns_host, self.port),
    ...<2 lines>...
        socket_options=self.socket_options,
    )
  File ""C:\Users\J SRIHARI\AppData\Local\Programs\Python\Python314\Lib\site-packages\urllib3\util\connection.py"", line 60, in create_connection
    for res in socket.getaddrinfo(host, port, family, socket.SOCK_STREAM):
               ~~~~~~~~~~~~~~~~~~^^^^^^^^^^^^^^^^^^^^^^^^^^^^^^^^^^^^^^^^
  File ""C:\Users\J SRIHARI\AppData\Local\Programs\Python\Python314\Lib\socket.py"", line 983, in getaddrinfo
    for res in _socket.getaddrinfo(host, port, family, type, proto, flags):
               ~~~~~~~~~~~~~~~~~~~^^^^^^^^^^^^^^^^^^^^^^^^^^^^^^^^^^^^^^^^
socket.gaierror: [Errno 11001] getaddrinfo failed

The above exception was the direct cause of the following exception:

Traceback (most recent call last):
  File ""C:\Users\J SRIHARI\AppData\Local\Programs\Python\Python314\Lib\site-packages\urllib3\connectionpool.py"", line 787, in urlopen
    response = self._make_request(
        conn,
    ...<10 lines>...
        **response_kw,
    )
  File ""C:\Users\J SRIHARI\AppData\Local\Programs\Python\Python314\Lib\site-packages\urllib3\connectionpool.py"", line 493, in _make_request
    conn.request(
    ~~~~~~~~~~~~^
        method,
        ^^^^^^^
    ...<6 lines>...
        enforce_content_length=enforce_content_length,
        ^^^^^^^^^^^^^^^^^^^^^^^^^^^^^^^^^^^^^^^^^^^^^^
    )
    ^
  File ""C:\Users\J SRIHARI\AppData\Local\Programs\Python\Python314\Lib\site-packages\urllib3\connection.py"", line 500, in request
    self.endheaders()
    ~~~~~~~~~~~~~~~^^
  File ""C:\Users\J SRIHARI\AppData\Local\Programs\Python\Python314\Lib\http\client.py"", line 1333, in endheaders
    self._send_output(message_body, encode_chunked=encode_chunked)
    ~~~~~~~~~~~~~~~~~^^^^^^^^^^^^^^^^^^^^^^^^^^^^^^^^^^^^^^^^^^^^^
  File ""C:\Users\J SRIHARI\AppData\Local\Programs\Python\Python314\Lib\http\client.py"", line 1093, in _send_output
    self.send(msg)
    ~~~~~~~~~^^^^^
  File ""C:\Users\J SRIHARI\AppData\Local\Programs\Python\Python314\Lib\http\client.py"", line 1037, in send
    self.connect()
    ~~~~~~~~~~~~^^
  File ""C:\Users\J SRIHARI\AppData\Local\Programs\Python\Python314\Lib\site-packages\urllib3\connection.py"", line 331, in connect
    self.sock = self._new_conn()
                ~~~~~~~~~~~~~~^^
  File ""C:\Users\J SRIHARI\AppData\Local\Programs\Python\Python314\Lib\site-packages\urllib3\connection.py"", line 211, in _new_conn
    raise NameResolutionError(self.host, self, e) from e
urllib3.exceptions.NameResolutionError: HTTPConnection(host='invalid-payment-api.com', port=80): Failed to resolve 'invalid-payment-api.com' ([Errno 11001] getaddrinfo failed)

The above exception was the direct cause of the following exception:

Traceback (most recent call last):
  File ""C:\Users\J SRIHARI\AppData\Local\Programs\Python\Python314\Lib\site-packages\requests\adapters.py"", line 645, in send
    resp = conn.urlopen(
        method=request.method,
    ...<9 lines>...
        chunked=chunked,
    )
  File ""C:\Users\J SRIHARI\AppData\Local\Programs\Python\Python314\Lib\site-packages\urllib3\connectionpool.py"", line 841, in urlopen
    retries = retries.increment(
        method, url, error=new_e, _pool=self, _stacktrace=sys.exc_info()[2]
    )
  File ""C:\Users\J SRIHARI\AppData\Local\Programs\Python\Python314\Lib\site-packages\urllib3\util\retry.py"", line 535, in increment
    raise MaxRetryError(_pool, url, reason) from reason  # type: ignore[arg-type]
    ^^^^^^^^^^^^^^^^^^^^^^^^^^^^^^^^^^^^^^^^^^^^^^^^^^^
urllib3.exceptions.MaxRetryError: HTTPConnectionPool(host='invalid-payment-api.com', port=80): Max retries exceeded with url: / (Caused by NameResolutionError(""HTTPConnection(host='invalid-payment-api.com', port=80): Failed to resolve 'invalid-payment-api.com' ([Errno 11001] getaddrinfo failed)""))

During handling of the above exception, another exception occurred:

Traceback (most recent call last):
  File ""C:\failure_learning_system\monitored_apps\payment.py"", line 3, in <module>
    requests.get(""http://invalid-payment-api.com"")
    ~~~~~~~~~~~~^^^^^^^^^^^^^^^^^^^^^^^^^^^^^^^^^^
  File ""C:\Users\J SRIHARI\AppData\Local\Programs\Python\Python314\Lib\site-packages\requests\api.py"", line 73, in get
    return request(""get"", url, params=params, **kwargs)
  File ""C:\Users\J SRIHARI\AppData\Local\Programs\Python\Python314\Lib\site-packages\requests\api.py"", line 59, in request
    return session.request(method=method, url=url, **kwargs)
           ~~~~~~~~~~~~~~~^^^^^^^^^^^^^^^^^^^^^^^^^^^^^^^^^^
  File ""C:\Users\J SRIHARI\AppData\Local\Programs\Python\Python314\Lib\site-packages\requests\sessions.py"", line 592, in request
    resp = self.send(prep, **send_kwargs)
  File ""C:\Users\J SRIHARI\AppData\Local\Programs\Python\Python314\Lib\site-packages\requests\sessions.py"", line 706, in send
    r = adapter.send(request, **kwargs)
  File ""C:\Users\J SRIHARI\AppData\Local\Programs\Python\Python314\Lib\site-packages\requests\adapters.py"", line 678, in send
    raise ConnectionError(e, request=request)
requests.exceptions.ConnectionError: HTTPConnectionPool(host='invalid-payment-api.com', port=80): Max retries exceeded with url: / (Caused by NameResolutionError(""HTTPConnection(host='invalid-payment-api.com', port=80): Failed to resolve 'invalid-payment-api.com' ([Errno 11001] getaddrinfo failed)""))
",Python Runtime,LOW,API Failure,Check API endpoint and authentication,90
37,"Traceback (most recent call last):
  File ""C:\failure_learning_system\monitored_apps\backend.py"", line 3, in <module>
    print(numbers[11])
          ~~~~~~~^^^^
IndexError: list index out of range
",Python Runtime,LOW,Runtime Exception,Check application logic and traceback,70
38,"Traceback (most recent call last):
  File ""C:\failure_learning_system\monitored_apps\sample.py"", line 4, in <module>
    print(x / y)
          ~~^~~
ZeroDivisionError: division by zero
",Python Runtime,MEDIUM,Mathematical Runtime Exception,Check denominator before division,92
39,"Traceback (most recent call last):
  File ""C:\failure_learning_system\monitored_apps\api.py"", line 3, in <module>
    print(data[""name""])
          ~~~~^^^^^^^^
KeyError: 'name'
",Python Runtime,LOW,API Failure,Check API endpoint and authentication,90
40,"Traceback (most recent call last):
  File ""C:\Users\J SRIHARI\AppData\Local\Programs\Python\Python314\Lib\site-packages\urllib3\connection.py"", line 204, in _new_conn
    sock = connection.create_connection(
        (self._dns_host, self.port),
    ...<2 lines>...
        socket_options=self.socket_options,
    )
  File ""C:\Users\J SRIHARI\AppData\Local\Programs\Python\Python314\Lib\site-packages\urllib3\util\connection.py"", line 60, in create_connection
    for res in socket.getaddrinfo(host, port, family, socket.SOCK_STREAM):
               ~~~~~~~~~~~~~~~~~~^^^^^^^^^^^^^^^^^^^^^^^^^^^^^^^^^^^^^^^^
  File ""C:\Users\J SRIHARI\AppData\Local\Programs\Python\Python314\Lib\socket.py"", line 983, in getaddrinfo
    for res in _socket.getaddrinfo(host, port, family, type, proto, flags):
               ~~~~~~~~~~~~~~~~~~~^^^^^^^^^^^^^^^^^^^^^^^^^^^^^^^^^^^^^^^^
socket.gaierror: [Errno 11001] getaddrinfo failed

The above exception was the direct cause of the following exception:

Traceback (most recent call last):
  File ""C:\Users\J SRIHARI\AppData\Local\Programs\Python\Python314\Lib\site-packages\urllib3\connectionpool.py"", line 787, in urlopen
    response = self._make_request(
        conn,
    ...<10 lines>...
        **response_kw,
    )
  File ""C:\Users\J SRIHARI\AppData\Local\Programs\Python\Python314\Lib\site-packages\urllib3\connectionpool.py"", line 493, in _make_request
    conn.request(
    ~~~~~~~~~~~~^
        method,
        ^^^^^^^
    ...<6 lines>...
        enforce_content_length=enforce_content_length,
        ^^^^^^^^^^^^^^^^^^^^^^^^^^^^^^^^^^^^^^^^^^^^^^
    )
    ^
  File ""C:\Users\J SRIHARI\AppData\Local\Programs\Python\Python314\Lib\site-packages\urllib3\connection.py"", line 500, in request
    self.endheaders()
    ~~~~~~~~~~~~~~~^^
  File ""C:\Users\J SRIHARI\AppData\Local\Programs\Python\Python314\Lib\http\client.py"", line 1333, in endheaders
    self._send_output(message_body, encode_chunked=encode_chunked)
    ~~~~~~~~~~~~~~~~~^^^^^^^^^^^^^^^^^^^^^^^^^^^^^^^^^^^^^^^^^^^^^
  File ""C:\Users\J SRIHARI\AppData\Local\Programs\Python\Python314\Lib\http\client.py"", line 1093, in _send_output
    self.send(msg)
    ~~~~~~~~~^^^^^
  File ""C:\Users\J SRIHARI\AppData\Local\Programs\Python\Python314\Lib\http\client.py"", line 1037, in send
    self.connect()
    ~~~~~~~~~~~~^^
  File ""C:\Users\J SRIHARI\AppData\Local\Programs\Python\Python314\Lib\site-packages\urllib3\connection.py"", line 331, in connect
    self.sock = self._new_conn()
                ~~~~~~~~~~~~~~^^
  File ""C:\Users\J SRIHARI\AppData\Local\Programs\Python\Python314\Lib\site-packages\urllib3\connection.py"", line 211, in _new_conn
    raise NameResolutionError(self.host, self, e) from e
urllib3.exceptions.NameResolutionError: HTTPConnection(host='invalid-payment-api.com', port=80): Failed to resolve 'invalid-payment-api.com' ([Errno 11001] getaddrinfo failed)

The above exception was the direct cause of the following exception:

Traceback (most recent call last):
  File ""C:\Users\J SRIHARI\AppData\Local\Programs\Python\Python314\Lib\site-packages\requests\adapters.py"", line 645, in send
    resp = conn.urlopen(
        method=request.method,
    ...<9 lines>...
        chunked=chunked,
    )
  File ""C:\Users\J SRIHARI\AppData\Local\Programs\Python\Python314\Lib\site-packages\urllib3\connectionpool.py"", line 841, in urlopen
    retries = retries.increment(
        method, url, error=new_e, _pool=self, _stacktrace=sys.exc_info()[2]
    )
  File ""C:\Users\J SRIHARI\AppData\Local\Programs\Python\Python314\Lib\site-packages\urllib3\util\retry.py"", line 535, in increment
    raise MaxRetryError(_pool, url, reason) from reason  # type: ignore[arg-type]
    ^^^^^^^^^^^^^^^^^^^^^^^^^^^^^^^^^^^^^^^^^^^^^^^^^^^
urllib3.exceptions.MaxRetryError: HTTPConnectionPool(host='invalid-payment-api.com', port=80): Max retries exceeded with url: / (Caused by NameResolutionError(""HTTPConnection(host='invalid-payment-api.com', port=80): Failed to resolve 'invalid-payment-api.com' ([Errno 11001] getaddrinfo failed)""))

During handling of the above exception, another exception occurred:

Traceback (most recent call last):
  File ""C:\failure_learning_system\monitored_apps\payment.py"", line 3, in <module>
    requests.get(""http://invalid-payment-api.com"")
    ~~~~~~~~~~~~^^^^^^^^^^^^^^^^^^^^^^^^^^^^^^^^^^
  File ""C:\Users\J SRIHARI\AppData\Local\Programs\Python\Python314\Lib\site-packages\requests\api.py"", line 73, in get
    return request(""get"", url, params=params, **kwargs)
  File ""C:\Users\J SRIHARI\AppData\Local\Programs\Python\Python314\Lib\site-packages\requests\api.py"", line 59, in request
    return session.request(method=method, url=url, **kwargs)
           ~~~~~~~~~~~~~~~^^^^^^^^^^^^^^^^^^^^^^^^^^^^^^^^^^
  File ""C:\Users\J SRIHARI\AppData\Local\Programs\Python\Python314\Lib\site-packages\requests\sessions.py"", line 592, in request
    resp = self.send(prep, **send_kwargs)
  File ""C:\Users\J SRIHARI\AppData\Local\Programs\Python\Python314\Lib\site-packages\requests\sessions.py"", line 706, in send
    r = adapter.send(request, **kwargs)
  File ""C:\Users\J SRIHARI\AppData\Local\Programs\Python\Python314\Lib\site-packages\requests\adapters.py"", line 678, in send
    raise ConnectionError(e, request=request)
requests.exceptions.ConnectionError: HTTPConnectionPool(host='invalid-payment-api.com', port=80): Max retries exceeded with url: / (Caused by NameResolutionError(""HTTPConnection(host='invalid-payment-api.com', port=80): Failed to resolve 'invalid-payment-api.com' ([Errno 11001] getaddrinfo failed)""))
",Python Runtime,LOW,API Failure,Check API endpoint and authentication,90
41,"Traceback (most recent call last):
  File ""C:\failure_learning_system\monitored_apps\backend.py"", line 3, in <module>
    print(numbers[11])
          ~~~~~~~^^^^
IndexError: list index out of range
",Python Runtime,LOW,Runtime Exception,Check application logic and traceback,70
42,"Traceback (most recent call last):
  File ""C:\failure_learning_system\monitored_apps\sample.py"", line 4, in <module>
    print(x / y)
          ~~^~~
ZeroDivisionError: division by zero
",Python Runtime,MEDIUM,Mathematical Runtime Exception,Check denominator before division,92
43,"Traceback (most recent call last):
  File ""C:\failure_learning_system\monitored_apps\api.py"", line 3, in <module>
    print(data[""name""])
          ~~~~^^^^^^^^
KeyError: 'name'
",Python Runtime,LOW,API Failure,Check API endpoint and authentication,90
44,"Traceback (most recent call last):
  File ""C:\Users\J SRIHARI\AppData\Local\Programs\Python\Python314\Lib\site-packages\urllib3\connection.py"", line 204, in _new_conn
    sock = connection.create_connection(
        (self._dns_host, self.port),
    ...<2 lines>...
        socket_options=self.socket_options,
    )
  File ""C:\Users\J SRIHARI\AppData\Local\Programs\Python\Python314\Lib\site-packages\urllib3\util\connection.py"", line 60, in create_connection
    for res in socket.getaddrinfo(host, port, family, socket.SOCK_STREAM):
               ~~~~~~~~~~~~~~~~~~^^^^^^^^^^^^^^^^^^^^^^^^^^^^^^^^^^^^^^^^
  File ""C:\Users\J SRIHARI\AppData\Local\Programs\Python\Python314\Lib\socket.py"", line 983, in getaddrinfo
    for res in _socket.getaddrinfo(host, port, family, type, proto, flags):
               ~~~~~~~~~~~~~~~~~~~^^^^^^^^^^^^^^^^^^^^^^^^^^^^^^^^^^^^^^^^
socket.gaierror: [Errno 11001] getaddrinfo failed

The above exception was the direct cause of the following exception:

Traceback (most recent call last):
  File ""C:\Users\J SRIHARI\AppData\Local\Programs\Python\Python314\Lib\site-packages\urllib3\connectionpool.py"", line 787, in urlopen
    response = self._make_request(
        conn,
    ...<10 lines>...
        **response_kw,
    )
  File ""C:\Users\J SRIHARI\AppData\Local\Programs\Python\Python314\Lib\site-packages\urllib3\connectionpool.py"", line 493, in _make_request
    conn.request(
    ~~~~~~~~~~~~^
        method,
        ^^^^^^^
    ...<6 lines>...
        enforce_content_length=enforce_content_length,
        ^^^^^^^^^^^^^^^^^^^^^^^^^^^^^^^^^^^^^^^^^^^^^^
    )
    ^
  File ""C:\Users\J SRIHARI\AppData\Local\Programs\Python\Python314\Lib\site-packages\urllib3\connection.py"", line 500, in request
    self.endheaders()
    ~~~~~~~~~~~~~~~^^
  File ""C:\Users\J SRIHARI\AppData\Local\Programs\Python\Python314\Lib\http\client.py"", line 1333, in endheaders
    self._send_output(message_body, encode_chunked=encode_chunked)
    ~~~~~~~~~~~~~~~~~^^^^^^^^^^^^^^^^^^^^^^^^^^^^^^^^^^^^^^^^^^^^^
  File ""C:\Users\J SRIHARI\AppData\Local\Programs\Python\Python314\Lib\http\client.py"", line 1093, in _send_output
    self.send(msg)
    ~~~~~~~~~^^^^^
  File ""C:\Users\J SRIHARI\AppData\Local\Programs\Python\Python314\Lib\http\client.py"", line 1037, in send
    self.connect()
    ~~~~~~~~~~~~^^
  File ""C:\Users\J SRIHARI\AppData\Local\Programs\Python\Python314\Lib\site-packages\urllib3\connection.py"", line 331, in connect
    self.sock = self._new_conn()
                ~~~~~~~~~~~~~~^^
  File ""C:\Users\J SRIHARI\AppData\Local\Programs\Python\Python314\Lib\site-packages\urllib3\connection.py"", line 211, in _new_conn
    raise NameResolutionError(self.host, self, e) from e
urllib3.exceptions.NameResolutionError: HTTPConnection(host='invalid-payment-api.com', port=80): Failed to resolve 'invalid-payment-api.com' ([Errno 11001] getaddrinfo failed)

The above exception was the direct cause of the following exception:

Traceback (most recent call last):
  File ""C:\Users\J SRIHARI\AppData\Local\Programs\Python\Python314\Lib\site-packages\requests\adapters.py"", line 645, in send
    resp = conn.urlopen(
        method=request.method,
    ...<9 lines>...
        chunked=chunked,
    )
  File ""C:\Users\J SRIHARI\AppData\Local\Programs\Python\Python314\Lib\site-packages\urllib3\connectionpool.py"", line 841, in urlopen
    retries = retries.increment(
        method, url, error=new_e, _pool=self, _stacktrace=sys.exc_info()[2]
    )
  File ""C:\Users\J SRIHARI\AppData\Local\Programs\Python\Python314\Lib\site-packages\urllib3\util\retry.py"", line 535, in increment
    raise MaxRetryError(_pool, url, reason) from reason  # type: ignore[arg-type]
    ^^^^^^^^^^^^^^^^^^^^^^^^^^^^^^^^^^^^^^^^^^^^^^^^^^^
urllib3.exceptions.MaxRetryError: HTTPConnectionPool(host='invalid-payment-api.com', port=80): Max retries exceeded with url: / (Caused by NameResolutionError(""HTTPConnection(host='invalid-payment-api.com', port=80): Failed to resolve 'invalid-payment-api.com' ([Errno 11001] getaddrinfo failed)""))

During handling of the above exception, another exception occurred:

Traceback (most recent call last):
  File ""C:\failure_learning_system\monitored_apps\payment.py"", line 3, in <module>
    requests.get(""http://invalid-payment-api.com"")
    ~~~~~~~~~~~~^^^^^^^^^^^^^^^^^^^^^^^^^^^^^^^^^^
  File ""C:\Users\J SRIHARI\AppData\Local\Programs\Python\Python314\Lib\site-packages\requests\api.py"", line 73, in get
    return request(""get"", url, params=params, **kwargs)
  File ""C:\Users\J SRIHARI\AppData\Local\Programs\Python\Python314\Lib\site-packages\requests\api.py"", line 59, in request
    return session.request(method=method, url=url, **kwargs)
           ~~~~~~~~~~~~~~~^^^^^^^^^^^^^^^^^^^^^^^^^^^^^^^^^^
  File ""C:\Users\J SRIHARI\AppData\Local\Programs\Python\Python314\Lib\site-packages\requests\sessions.py"", line 592, in request
    resp = self.send(prep, **send_kwargs)
  File ""C:\Users\J SRIHARI\AppData\Local\Programs\Python\Python314\Lib\site-packages\requests\sessions.py"", line 706, in send
    r = adapter.send(request, **kwargs)
  File ""C:\Users\J SRIHARI\AppData\Local\Programs\Python\Python314\Lib\site-packages\requests\adapters.py"", line 678, in send
    raise ConnectionError(e, request=request)
requests.exceptions.ConnectionError: HTTPConnectionPool(host='invalid-payment-api.com', port=80): Max retries exceeded with url: / (Caused by NameResolutionError(""HTTPConnection(host='invalid-payment-api.com', port=80): Failed to resolve 'invalid-payment-api.com' ([Errno 11001] getaddrinfo failed)""))
",Python Runtime,LOW,API Failure,Check API endpoint and authentication,90
45,"Traceback (most recent call last):
  File ""C:\failure_learning_system\monitored_apps\backend.py"", line 3, in <module>
    print(numbers[11])
          ~~~~~~~^^^^
IndexError: list index out of range
",Python Runtime,LOW,Runtime Exception,Check application logic and traceback,70
46,"Traceback (most recent call last):
  File ""C:\failure_learning_system\monitored_apps\sample.py"", line 4, in <module>
    print(x / y)
          ~~^~~
ZeroDivisionError: division by zero
",Python Runtime,MEDIUM,Mathematical Runtime Exception,Check denominator before division,92
47,"Traceback (most recent call last):
  File ""C:\failure_learning_system\monitored_apps\api.py"", line 3, in <module>
    print(data[""name""])
          ~~~~^^^^^^^^
KeyError: 'name'
",Python Runtime,LOW,API Failure,Check API endpoint and authentication,90
48,"Traceback (most recent call last):
  File ""C:\Users\J SRIHARI\AppData\Local\Programs\Python\Python314\Lib\site-packages\urllib3\connection.py"", line 204, in _new_conn
    sock = connection.create_connection(
        (self._dns_host, self.port),
    ...<2 lines>...
        socket_options=self.socket_options,
    )
  File ""C:\Users\J SRIHARI\AppData\Local\Programs\Python\Python314\Lib\site-packages\urllib3\util\connection.py"", line 60, in create_connection
    for res in socket.getaddrinfo(host, port, family, socket.SOCK_STREAM):
               ~~~~~~~~~~~~~~~~~~^^^^^^^^^^^^^^^^^^^^^^^^^^^^^^^^^^^^^^^^
  File ""C:\Users\J SRIHARI\AppData\Local\Programs\Python\Python314\Lib\socket.py"", line 983, in getaddrinfo
    for res in _socket.getaddrinfo(host, port, family, type, proto, flags):
               ~~~~~~~~~~~~~~~~~~~^^^^^^^^^^^^^^^^^^^^^^^^^^^^^^^^^^^^^^^^
socket.gaierror: [Errno 11001] getaddrinfo failed

The above exception was the direct cause of the following exception:

Traceback (most recent call last):
  File ""C:\Users\J SRIHARI\AppData\Local\Programs\Python\Python314\Lib\site-packages\urllib3\connectionpool.py"", line 787, in urlopen
    response = self._make_request(
        conn,
    ...<10 lines>...
        **response_kw,
    )
  File ""C:\Users\J SRIHARI\AppData\Local\Programs\Python\Python314\Lib\site-packages\urllib3\connectionpool.py"", line 493, in _make_request
    conn.request(
    ~~~~~~~~~~~~^
        method,
        ^^^^^^^
    ...<6 lines>...
        enforce_content_length=enforce_content_length,
        ^^^^^^^^^^^^^^^^^^^^^^^^^^^^^^^^^^^^^^^^^^^^^^
    )
    ^
  File ""C:\Users\J SRIHARI\AppData\Local\Programs\Python\Python314\Lib\site-packages\urllib3\connection.py"", line 500, in request
    self.endheaders()
    ~~~~~~~~~~~~~~~^^
  File ""C:\Users\J SRIHARI\AppData\Local\Programs\Python\Python314\Lib\http\client.py"", line 1333, in endheaders
    self._send_output(message_body, encode_chunked=encode_chunked)
    ~~~~~~~~~~~~~~~~~^^^^^^^^^^^^^^^^^^^^^^^^^^^^^^^^^^^^^^^^^^^^^
  File ""C:\Users\J SRIHARI\AppData\Local\Programs\Python\Python314\Lib\http\client.py"", line 1093, in _send_output
    self.send(msg)
    ~~~~~~~~~^^^^^
  File ""C:\Users\J SRIHARI\AppData\Local\Programs\Python\Python314\Lib\http\client.py"", line 1037, in send
    self.connect()
    ~~~~~~~~~~~~^^
  File ""C:\Users\J SRIHARI\AppData\Local\Programs\Python\Python314\Lib\site-packages\urllib3\connection.py"", line 331, in connect
    self.sock = self._new_conn()
                ~~~~~~~~~~~~~~^^
  File ""C:\Users\J SRIHARI\AppData\Local\Programs\Python\Python314\Lib\site-packages\urllib3\connection.py"", line 211, in _new_conn
    raise NameResolutionError(self.host, self, e) from e
urllib3.exceptions.NameResolutionError: HTTPConnection(host='invalid-payment-api.com', port=80): Failed to resolve 'invalid-payment-api.com' ([Errno 11001] getaddrinfo failed)

The above exception was the direct cause of the following exception:

Traceback (most recent call last):
  File ""C:\Users\J SRIHARI\AppData\Local\Programs\Python\Python314\Lib\site-packages\requests\adapters.py"", line 645, in send
    resp = conn.urlopen(
        method=request.method,
    ...<9 lines>...
        chunked=chunked,
    )
  File ""C:\Users\J SRIHARI\AppData\Local\Programs\Python\Python314\Lib\site-packages\urllib3\connectionpool.py"", line 841, in urlopen
    retries = retries.increment(
        method, url, error=new_e, _pool=self, _stacktrace=sys.exc_info()[2]
    )
  File ""C:\Users\J SRIHARI\AppData\Local\Programs\Python\Python314\Lib\site-packages\urllib3\util\retry.py"", line 535, in increment
    raise MaxRetryError(_pool, url, reason) from reason  # type: ignore[arg-type]
    ^^^^^^^^^^^^^^^^^^^^^^^^^^^^^^^^^^^^^^^^^^^^^^^^^^^
urllib3.exceptions.MaxRetryError: HTTPConnectionPool(host='invalid-payment-api.com', port=80): Max retries exceeded with url: / (Caused by NameResolutionError(""HTTPConnection(host='invalid-payment-api.com', port=80): Failed to resolve 'invalid-payment-api.com' ([Errno 11001] getaddrinfo failed)""))

During handling of the above exception, another exception occurred:

Traceback (most recent call last):
  File ""C:\failure_learning_system\monitored_apps\payment.py"", line 3, in <module>
    requests.get(""http://invalid-payment-api.com"")
    ~~~~~~~~~~~~^^^^^^^^^^^^^^^^^^^^^^^^^^^^^^^^^^
  File ""C:\Users\J SRIHARI\AppData\Local\Programs\Python\Python314\Lib\site-packages\requests\api.py"", line 73, in get
    return request(""get"", url, params=params, **kwargs)
  File ""C:\Users\J SRIHARI\AppData\Local\Programs\Python\Python314\Lib\site-packages\requests\api.py"", line 59, in request
    return session.request(method=method, url=url, **kwargs)
           ~~~~~~~~~~~~~~~^^^^^^^^^^^^^^^^^^^^^^^^^^^^^^^^^^
  File ""C:\Users\J SRIHARI\AppData\Local\Programs\Python\Python314\Lib\site-packages\requests\sessions.py"", line 592, in request
    resp = self.send(prep, **send_kwargs)
  File ""C:\Users\J SRIHARI\AppData\Local\Programs\Python\Python314\Lib\site-packages\requests\sessions.py"", line 706, in send
    r = adapter.send(request, **kwargs)
  File ""C:\Users\J SRIHARI\AppData\Local\Programs\Python\Python314\Lib\site-packages\requests\adapters.py"", line 678, in send
    raise ConnectionError(e, request=request)
requests.exceptions.ConnectionError: HTTPConnectionPool(host='invalid-payment-api.com', port=80): Max retries exceeded with url: / (Caused by NameResolutionError(""HTTPConnection(host='invalid-payment-api.com', port=80): Failed to resolve 'invalid-payment-api.com' ([Errno 11001] getaddrinfo failed)""))
",Python Runtime,LOW,API Failure,Check API endpoint and authentication,90
49,"Traceback (most recent call last):
  File ""C:\failure_learning_system\monitored_apps\backend.py"", line 3, in <module>
    print(numbers[11])
          ~~~~~~~^^^^
IndexError: list index out of range
",Python Runtime,LOW,Runtime Exception,Check application logic and traceback,70
50,"Traceback (most recent call last):
  File ""C:\failure_learning_system\monitored_apps\sample.py"", line 4, in <module>
    print(x / y)
          ~~^~~
ZeroDivisionError: division by zero
",Python Runtime,MEDIUM,Mathematical Runtime Exception,Check denominator before division,92
51,"Traceback (most recent call last):
  File ""C:\failure_learning_system\monitored_apps\api.py"", line 3, in <module>
    print(data[""name""])
          ~~~~^^^^^^^^
KeyError: 'name'
",Python Runtime,LOW,API Failure,Check API endpoint and authentication,90
52,"Traceback (most recent call last):
  File ""C:\Users\J SRIHARI\AppData\Local\Programs\Python\Python314\Lib\site-packages\urllib3\connection.py"", line 204, in _new_conn
    sock = connection.create_connection(
        (self._dns_host, self.port),
    ...<2 lines>...
        socket_options=self.socket_options,
    )
  File ""C:\Users\J SRIHARI\AppData\Local\Programs\Python\Python314\Lib\site-packages\urllib3\util\connection.py"", line 60, in create_connection
    for res in socket.getaddrinfo(host, port, family, socket.SOCK_STREAM):
               ~~~~~~~~~~~~~~~~~~^^^^^^^^^^^^^^^^^^^^^^^^^^^^^^^^^^^^^^^^
  File ""C:\Users\J SRIHARI\AppData\Local\Programs\Python\Python314\Lib\socket.py"", line 983, in getaddrinfo
    for res in _socket.getaddrinfo(host, port, family, type, proto, flags):
               ~~~~~~~~~~~~~~~~~~~^^^^^^^^^^^^^^^^^^^^^^^^^^^^^^^^^^^^^^^^
socket.gaierror: [Errno 11001] getaddrinfo failed

The above exception was the direct cause of the following exception:

Traceback (most recent call last):
  File ""C:\Users\J SRIHARI\AppData\Local\Programs\Python\Python314\Lib\site-packages\urllib3\connectionpool.py"", line 787, in urlopen
    response = self._make_request(
        conn,
    ...<10 lines>...
        **response_kw,
    )
  File ""C:\Users\J SRIHARI\AppData\Local\Programs\Python\Python314\Lib\site-packages\urllib3\connectionpool.py"", line 493, in _make_request
    conn.request(
    ~~~~~~~~~~~~^
        method,
        ^^^^^^^
    ...<6 lines>...
        enforce_content_length=enforce_content_length,
        ^^^^^^^^^^^^^^^^^^^^^^^^^^^^^^^^^^^^^^^^^^^^^^
    )
    ^
  File ""C:\Users\J SRIHARI\AppData\Local\Programs\Python\Python314\Lib\site-packages\urllib3\connection.py"", line 500, in request
    self.endheaders()
    ~~~~~~~~~~~~~~~^^
  File ""C:\Users\J SRIHARI\AppData\Local\Programs\Python\Python314\Lib\http\client.py"", line 1333, in endheaders
    self._send_output(message_body, encode_chunked=encode_chunked)
    ~~~~~~~~~~~~~~~~~^^^^^^^^^^^^^^^^^^^^^^^^^^^^^^^^^^^^^^^^^^^^^
  File ""C:\Users\J SRIHARI\AppData\Local\Programs\Python\Python314\Lib\http\client.py"", line 1093, in _send_output
    self.send(msg)
    ~~~~~~~~~^^^^^
  File ""C:\Users\J SRIHARI\AppData\Local\Programs\Python\Python314\Lib\http\client.py"", line 1037, in send
    self.connect()
    ~~~~~~~~~~~~^^
  File ""C:\Users\J SRIHARI\AppData\Local\Programs\Python\Python314\Lib\site-packages\urllib3\connection.py"", line 331, in connect
    self.sock = self._new_conn()
                ~~~~~~~~~~~~~~^^
  File ""C:\Users\J SRIHARI\AppData\Local\Programs\Python\Python314\Lib\site-packages\urllib3\connection.py"", line 211, in _new_conn
    raise NameResolutionError(self.host, self, e) from e
urllib3.exceptions.NameResolutionError: HTTPConnection(host='invalid-payment-api.com', port=80): Failed to resolve 'invalid-payment-api.com' ([Errno 11001] getaddrinfo failed)

The above exception was the direct cause of the following exception:

Traceback (most recent call last):
  File ""C:\Users\J SRIHARI\AppData\Local\Programs\Python\Python314\Lib\site-packages\requests\adapters.py"", line 645, in send
    resp = conn.urlopen(
        method=request.method,
    ...<9 lines>...
        chunked=chunked,
    )
  File ""C:\Users\J SRIHARI\AppData\Local\Programs\Python\Python314\Lib\site-packages\urllib3\connectionpool.py"", line 841, in urlopen
    retries = retries.increment(
        method, url, error=new_e, _pool=self, _stacktrace=sys.exc_info()[2]
    )
  File ""C:\Users\J SRIHARI\AppData\Local\Programs\Python\Python314\Lib\site-packages\urllib3\util\retry.py"", line 535, in increment
    raise MaxRetryError(_pool, url, reason) from reason  # type: ignore[arg-type]
    ^^^^^^^^^^^^^^^^^^^^^^^^^^^^^^^^^^^^^^^^^^^^^^^^^^^
urllib3.exceptions.MaxRetryError: HTTPConnectionPool(host='invalid-payment-api.com', port=80): Max retries exceeded with url: / (Caused by NameResolutionError(""HTTPConnection(host='invalid-payment-api.com', port=80): Failed to resolve 'invalid-payment-api.com' ([Errno 11001] getaddrinfo failed)""))

During handling of the above exception, another exception occurred:

Traceback (most recent call last):
  File ""C:\failure_learning_system\monitored_apps\payment.py"", line 3, in <module>
    requests.get(""http://invalid-payment-api.com"")
    ~~~~~~~~~~~~^^^^^^^^^^^^^^^^^^^^^^^^^^^^^^^^^^
  File ""C:\Users\J SRIHARI\AppData\Local\Programs\Python\Python314\Lib\site-packages\requests\api.py"", line 73, in get
    return request(""get"", url, params=params, **kwargs)
  File ""C:\Users\J SRIHARI\AppData\Local\Programs\Python\Python314\Lib\site-packages\requests\api.py"", line 59, in request
    return session.request(method=method, url=url, **kwargs)
           ~~~~~~~~~~~~~~~^^^^^^^^^^^^^^^^^^^^^^^^^^^^^^^^^^
  File ""C:\Users\J SRIHARI\AppData\Local\Programs\Python\Python314\Lib\site-packages\requests\sessions.py"", line 592, in request
    resp = self.send(prep, **send_kwargs)
  File ""C:\Users\J SRIHARI\AppData\Local\Programs\Python\Python314\Lib\site-packages\requests\sessions.py"", line 706, in send
    r = adapter.send(request, **kwargs)
  File ""C:\Users\J SRIHARI\AppData\Local\Programs\Python\Python314\Lib\site-packages\requests\adapters.py"", line 678, in send
    raise ConnectionError(e, request=request)
requests.exceptions.ConnectionError: HTTPConnectionPool(host='invalid-payment-api.com', port=80): Max retries exceeded with url: / (Caused by NameResolutionError(""HTTPConnection(host='invalid-payment-api.com', port=80): Failed to resolve 'invalid-payment-api.com' ([Errno 11001] getaddrinfo failed)""))
",Python Runtime,LOW,API Failure,Check API endpoint and authentication,90
53,"Traceback (most recent call last):
  File ""C:\failure_learning_system\monitored_apps\backend.py"", line 3, in <module>
    print(numbers[11])
          ~~~~~~~^^^^
IndexError: list index out of range
",Python Runtime,LOW,Runtime Exception,Check application logic and traceback,70
54,"Traceback (most recent call last):
  File ""C:\failure_learning_system\monitored_apps\sample.py"", line 4, in <module>
    print(x / y)
          ~~^~~
ZeroDivisionError: division by zero
",Python Runtime,MEDIUM,Mathematical Runtime Exception,Check denominator before division,92
55,"Traceback (most recent call last):
  File ""C:\failure_learning_system\monitored_apps\api.py"", line 3, in <module>
    print(data[""name""])
          ~~~~^^^^^^^^
KeyError: 'name'
",Python Runtime,LOW,API Failure,Check API endpoint and authentication,90
56,"Traceback (most recent call last):
  File ""C:\Users\J SRIHARI\AppData\Local\Programs\Python\Python314\Lib\site-packages\urllib3\connection.py"", line 204, in _new_conn
    sock = connection.create_connection(
        (self._dns_host, self.port),
    ...<2 lines>...
        socket_options=self.socket_options,
    )
  File ""C:\Users\J SRIHARI\AppData\Local\Programs\Python\Python314\Lib\site-packages\urllib3\util\connection.py"", line 60, in create_connection
    for res in socket.getaddrinfo(host, port, family, socket.SOCK_STREAM):
               ~~~~~~~~~~~~~~~~~~^^^^^^^^^^^^^^^^^^^^^^^^^^^^^^^^^^^^^^^^
  File ""C:\Users\J SRIHARI\AppData\Local\Programs\Python\Python314\Lib\socket.py"", line 983, in getaddrinfo
    for res in _socket.getaddrinfo(host, port, family, type, proto, flags):
               ~~~~~~~~~~~~~~~~~~~^^^^^^^^^^^^^^^^^^^^^^^^^^^^^^^^^^^^^^^^
socket.gaierror: [Errno 11001] getaddrinfo failed

The above exception was the direct cause of the following exception:

Traceback (most recent call last):
  File ""C:\Users\J SRIHARI\AppData\Local\Programs\Python\Python314\Lib\site-packages\urllib3\connectionpool.py"", line 787, in urlopen
    response = self._make_request(
        conn,
    ...<10 lines>...
        **response_kw,
    )
  File ""C:\Users\J SRIHARI\AppData\Local\Programs\Python\Python314\Lib\site-packages\urllib3\connectionpool.py"", line 493, in _make_request
    conn.request(
    ~~~~~~~~~~~~^
        method,
        ^^^^^^^
    ...<6 lines>...
        enforce_content_length=enforce_content_length,
        ^^^^^^^^^^^^^^^^^^^^^^^^^^^^^^^^^^^^^^^^^^^^^^
    )
    ^
  File ""C:\Users\J SRIHARI\AppData\Local\Programs\Python\Python314\Lib\site-packages\urllib3\connection.py"", line 500, in request
    self.endheaders()
    ~~~~~~~~~~~~~~~^^
  File ""C:\Users\J SRIHARI\AppData\Local\Programs\Python\Python314\Lib\http\client.py"", line 1333, in endheaders
    self._send_output(message_body, encode_chunked=encode_chunked)
    ~~~~~~~~~~~~~~~~~^^^^^^^^^^^^^^^^^^^^^^^^^^^^^^^^^^^^^^^^^^^^^
  File ""C:\Users\J SRIHARI\AppData\Local\Programs\Python\Python314\Lib\http\client.py"", line 1093, in _send_output
    self.send(msg)
    ~~~~~~~~~^^^^^
  File ""C:\Users\J SRIHARI\AppData\Local\Programs\Python\Python314\Lib\http\client.py"", line 1037, in send
    self.connect()
    ~~~~~~~~~~~~^^
  File ""C:\Users\J SRIHARI\AppData\Local\Programs\Python\Python314\Lib\site-packages\urllib3\connection.py"", line 331, in connect
    self.sock = self._new_conn()
                ~~~~~~~~~~~~~~^^
  File ""C:\Users\J SRIHARI\AppData\Local\Programs\Python\Python314\Lib\site-packages\urllib3\connection.py"", line 211, in _new_conn
    raise NameResolutionError(self.host, self, e) from e
urllib3.exceptions.NameResolutionError: HTTPConnection(host='invalid-payment-api.com', port=80): Failed to resolve 'invalid-payment-api.com' ([Errno 11001] getaddrinfo failed)

The above exception was the direct cause of the following exception:

Traceback (most recent call last):
  File ""C:\Users\J SRIHARI\AppData\Local\Programs\Python\Python314\Lib\site-packages\requests\adapters.py"", line 645, in send
    resp = conn.urlopen(
        method=request.method,
    ...<9 lines>...
        chunked=chunked,
    )
  File ""C:\Users\J SRIHARI\AppData\Local\Programs\Python\Python314\Lib\site-packages\urllib3\connectionpool.py"", line 841, in urlopen
    retries = retries.increment(
        method, url, error=new_e, _pool=self, _stacktrace=sys.exc_info()[2]
    )
  File ""C:\Users\J SRIHARI\AppData\Local\Programs\Python\Python314\Lib\site-packages\urllib3\util\retry.py"", line 535, in increment
    raise MaxRetryError(_pool, url, reason) from reason  # type: ignore[arg-type]
    ^^^^^^^^^^^^^^^^^^^^^^^^^^^^^^^^^^^^^^^^^^^^^^^^^^^
urllib3.exceptions.MaxRetryError: HTTPConnectionPool(host='invalid-payment-api.com', port=80): Max retries exceeded with url: / (Caused by NameResolutionError(""HTTPConnection(host='invalid-payment-api.com', port=80): Failed to resolve 'invalid-payment-api.com' ([Errno 11001] getaddrinfo failed)""))

During handling of the above exception, another exception occurred:

Traceback (most recent call last):
  File ""C:\failure_learning_system\monitored_apps\payment.py"", line 3, in <module>
    requests.get(""http://invalid-payment-api.com"")
    ~~~~~~~~~~~~^^^^^^^^^^^^^^^^^^^^^^^^^^^^^^^^^^
  File ""C:\Users\J SRIHARI\AppData\Local\Programs\Python\Python314\Lib\site-packages\requests\api.py"", line 73, in get
    return request(""get"", url, params=params, **kwargs)
  File ""C:\Users\J SRIHARI\AppData\Local\Programs\Python\Python314\Lib\site-packages\requests\api.py"", line 59, in request
    return session.request(method=method, url=url, **kwargs)
           ~~~~~~~~~~~~~~~^^^^^^^^^^^^^^^^^^^^^^^^^^^^^^^^^^
  File ""C:\Users\J SRIHARI\AppData\Local\Programs\Python\Python314\Lib\site-packages\requests\sessions.py"", line 592, in request
    resp = self.send(prep, **send_kwargs)
  File ""C:\Users\J SRIHARI\AppData\Local\Programs\Python\Python314\Lib\site-packages\requests\sessions.py"", line 706, in send
    r = adapter.send(request, **kwargs)
  File ""C:\Users\J SRIHARI\AppData\Local\Programs\Python\Python314\Lib\site-packages\requests\adapters.py"", line 678, in send
    raise ConnectionError(e, request=request)
requests.exceptions.ConnectionError: HTTPConnectionPool(host='invalid-payment-api.com', port=80): Max retries exceeded with url: / (Caused by NameResolutionError(""HTTPConnection(host='invalid-payment-api.com', port=80): Failed to resolve 'invalid-payment-api.com' ([Errno 11001] getaddrinfo failed)""))
",Python Runtime,LOW,API Failure,Check API endpoint and authentication,90
57,"Traceback (most recent call last):
  File ""C:\failure_learning_system\monitored_apps\backend.py"", line 3, in <module>
    print(numbers[11])
          ~~~~~~~^^^^
IndexError: list index out of range
",Python Runtime,LOW,Runtime Exception,Check application logic and traceback,70
58,"Traceback (most recent call last):
  File ""C:\failure_learning_system\monitored_apps\sample.py"", line 4, in <module>
    print(x / y)
          ~~^~~
ZeroDivisionError: division by zero
",Python Runtime,MEDIUM,Mathematical Runtime Exception,Check denominator before division,92
59,"Traceback (most recent call last):
  File ""C:\failure_learning_system\monitored_apps\api.py"", line 3, in <module>
    print(data[""name""])
          ~~~~^^^^^^^^
KeyError: 'name'
",Python Runtime,LOW,API Failure,Check API endpoint and authentication,90
60,"Traceback (most recent call last):
  File ""C:\Users\J SRIHARI\AppData\Local\Programs\Python\Python314\Lib\site-packages\urllib3\connection.py"", line 204, in _new_conn
    sock = connection.create_connection(
        (self._dns_host, self.port),
    ...<2 lines>...
        socket_options=self.socket_options,
    )
  File ""C:\Users\J SRIHARI\AppData\Local\Programs\Python\Python314\Lib\site-packages\urllib3\util\connection.py"", line 60, in create_connection
    for res in socket.getaddrinfo(host, port, family, socket.SOCK_STREAM):
               ~~~~~~~~~~~~~~~~~~^^^^^^^^^^^^^^^^^^^^^^^^^^^^^^^^^^^^^^^^
  File ""C:\Users\J SRIHARI\AppData\Local\Programs\Python\Python314\Lib\socket.py"", line 983, in getaddrinfo
    for res in _socket.getaddrinfo(host, port, family, type, proto, flags):
               ~~~~~~~~~~~~~~~~~~~^^^^^^^^^^^^^^^^^^^^^^^^^^^^^^^^^^^^^^^^
socket.gaierror: [Errno 11001] getaddrinfo failed

The above exception was the direct cause of the following exception:

Traceback (most recent call last):
  File ""C:\Users\J SRIHARI\AppData\Local\Programs\Python\Python314\Lib\site-packages\urllib3\connectionpool.py"", line 787, in urlopen
    response = self._make_request(
        conn,
    ...<10 lines>...
        **response_kw,
    )
  File ""C:\Users\J SRIHARI\AppData\Local\Programs\Python\Python314\Lib\site-packages\urllib3\connectionpool.py"", line 493, in _make_request
    conn.request(
    ~~~~~~~~~~~~^
        method,
        ^^^^^^^
    ...<6 lines>...
        enforce_content_length=enforce_content_length,
        ^^^^^^^^^^^^^^^^^^^^^^^^^^^^^^^^^^^^^^^^^^^^^^
    )
    ^
  File ""C:\Users\J SRIHARI\AppData\Local\Programs\Python\Python314\Lib\site-packages\urllib3\connection.py"", line 500, in request
    self.endheaders()
    ~~~~~~~~~~~~~~~^^
  File ""C:\Users\J SRIHARI\AppData\Local\Programs\Python\Python314\Lib\http\client.py"", line 1333, in endheaders
    self._send_output(message_body, encode_chunked=encode_chunked)
    ~~~~~~~~~~~~~~~~~^^^^^^^^^^^^^^^^^^^^^^^^^^^^^^^^^^^^^^^^^^^^^
  File ""C:\Users\J SRIHARI\AppData\Local\Programs\Python\Python314\Lib\http\client.py"", line 1093, in _send_output
    self.send(msg)
    ~~~~~~~~~^^^^^
  File ""C:\Users\J SRIHARI\AppData\Local\Programs\Python\Python314\Lib\http\client.py"", line 1037, in send
    self.connect()
    ~~~~~~~~~~~~^^
  File ""C:\Users\J SRIHARI\AppData\Local\Programs\Python\Python314\Lib\site-packages\urllib3\connection.py"", line 331, in connect
    self.sock = self._new_conn()
                ~~~~~~~~~~~~~~^^
  File ""C:\Users\J SRIHARI\AppData\Local\Programs\Python\Python314\Lib\site-packages\urllib3\connection.py"", line 211, in _new_conn
    raise NameResolutionError(self.host, self, e) from e
urllib3.exceptions.NameResolutionError: HTTPConnection(host='invalid-payment-api.com', port=80): Failed to resolve 'invalid-payment-api.com' ([Errno 11001] getaddrinfo failed)

The above exception was the direct cause of the following exception:

Traceback (most recent call last):
  File ""C:\Users\J SRIHARI\AppData\Local\Programs\Python\Python314\Lib\site-packages\requests\adapters.py"", line 645, in send
    resp = conn.urlopen(
        method=request.method,
    ...<9 lines>...
        chunked=chunked,
    )
  File ""C:\Users\J SRIHARI\AppData\Local\Programs\Python\Python314\Lib\site-packages\urllib3\connectionpool.py"", line 841, in urlopen
    retries = retries.increment(
        method, url, error=new_e, _pool=self, _stacktrace=sys.exc_info()[2]
    )
  File ""C:\Users\J SRIHARI\AppData\Local\Programs\Python\Python314\Lib\site-packages\urllib3\util\retry.py"", line 535, in increment
    raise MaxRetryError(_pool, url, reason) from reason  # type: ignore[arg-type]
    ^^^^^^^^^^^^^^^^^^^^^^^^^^^^^^^^^^^^^^^^^^^^^^^^^^^
urllib3.exceptions.MaxRetryError: HTTPConnectionPool(host='invalid-payment-api.com', port=80): Max retries exceeded with url: / (Caused by NameResolutionError(""HTTPConnection(host='invalid-payment-api.com', port=80): Failed to resolve 'invalid-payment-api.com' ([Errno 11001] getaddrinfo failed)""))

During handling of the above exception, another exception occurred:

Traceback (most recent call last):
  File ""C:\failure_learning_system\monitored_apps\payment.py"", line 3, in <module>
    requests.get(""http://invalid-payment-api.com"")
    ~~~~~~~~~~~~^^^^^^^^^^^^^^^^^^^^^^^^^^^^^^^^^^
  File ""C:\Users\J SRIHARI\AppData\Local\Programs\Python\Python314\Lib\site-packages\requests\api.py"", line 73, in get
    return request(""get"", url, params=params, **kwargs)
  File ""C:\Users\J SRIHARI\AppData\Local\Programs\Python\Python314\Lib\site-packages\requests\api.py"", line 59, in request
    return session.request(method=method, url=url, **kwargs)
           ~~~~~~~~~~~~~~~^^^^^^^^^^^^^^^^^^^^^^^^^^^^^^^^^^
  File ""C:\Users\J SRIHARI\AppData\Local\Programs\Python\Python314\Lib\site-packages\requests\sessions.py"", line 592, in request
    resp = self.send(prep, **send_kwargs)
  File ""C:\Users\J SRIHARI\AppData\Local\Programs\Python\Python314\Lib\site-packages\requests\sessions.py"", line 706, in send
    r = adapter.send(request, **kwargs)
  File ""C:\Users\J SRIHARI\AppData\Local\Programs\Python\Python314\Lib\site-packages\requests\adapters.py"", line 678, in send
    raise ConnectionError(e, request=request)
requests.exceptions.ConnectionError: HTTPConnectionPool(host='invalid-payment-api.com', port=80): Max retries exceeded with url: / (Caused by NameResolutionError(""HTTPConnection(host='invalid-payment-api.com', port=80): Failed to resolve 'invalid-payment-api.com' ([Errno 11001] getaddrinfo failed)""))
",Python Runtime,LOW,API Failure,Check API endpoint and authentication,90
61,"Traceback (most recent call last):
  File ""C:\failure_learning_system\monitored_apps\backend.py"", line 3, in <module>
    print(numbers[11])
          ~~~~~~~^^^^
IndexError: list index out of range
",Python Runtime,LOW,Runtime Exception,Check application logic and traceback,70
62,"Traceback (most recent call last):
  File ""C:\failure_learning_system\monitored_apps\sample.py"", line 4, in <module>
    print(x / y)
          ~~^~~
ZeroDivisionError: division by zero
",Python Runtime,MEDIUM,Mathematical Runtime Exception,Check denominator before division,92
63,"Traceback (most recent call last):
  File ""C:\failure_learning_system\monitored_apps\api.py"", line 3, in <module>
    print(data[""name""])
          ~~~~^^^^^^^^
KeyError: 'name'
",Python Runtime,LOW,API Failure,Check API endpoint and authentication,90
64,"Traceback (most recent call last):
  File ""C:\Users\J SRIHARI\AppData\Local\Programs\Python\Python314\Lib\site-packages\urllib3\connection.py"", line 204, in _new_conn
    sock = connection.create_connection(
        (self._dns_host, self.port),
    ...<2 lines>...
        socket_options=self.socket_options,
    )
  File ""C:\Users\J SRIHARI\AppData\Local\Programs\Python\Python314\Lib\site-packages\urllib3\util\connection.py"", line 60, in create_connection
    for res in socket.getaddrinfo(host, port, family, socket.SOCK_STREAM):
               ~~~~~~~~~~~~~~~~~~^^^^^^^^^^^^^^^^^^^^^^^^^^^^^^^^^^^^^^^^
  File ""C:\Users\J SRIHARI\AppData\Local\Programs\Python\Python314\Lib\socket.py"", line 983, in getaddrinfo
    for res in _socket.getaddrinfo(host, port, family, type, proto, flags):
               ~~~~~~~~~~~~~~~~~~~^^^^^^^^^^^^^^^^^^^^^^^^^^^^^^^^^^^^^^^^
socket.gaierror: [Errno 11001] getaddrinfo failed

The above exception was the direct cause of the following exception:

Traceback (most recent call last):
  File ""C:\Users\J SRIHARI\AppData\Local\Programs\Python\Python314\Lib\site-packages\urllib3\connectionpool.py"", line 787, in urlopen
    response = self._make_request(
        conn,
    ...<10 lines>...
        **response_kw,
    )
  File ""C:\Users\J SRIHARI\AppData\Local\Programs\Python\Python314\Lib\site-packages\urllib3\connectionpool.py"", line 493, in _make_request
    conn.request(
    ~~~~~~~~~~~~^
        method,
        ^^^^^^^
    ...<6 lines>...
        enforce_content_length=enforce_content_length,
        ^^^^^^^^^^^^^^^^^^^^^^^^^^^^^^^^^^^^^^^^^^^^^^
    )
    ^
  File ""C:\Users\J SRIHARI\AppData\Local\Programs\Python\Python314\Lib\site-packages\urllib3\connection.py"", line 500, in request
    self.endheaders()
    ~~~~~~~~~~~~~~~^^
  File ""C:\Users\J SRIHARI\AppData\Local\Programs\Python\Python314\Lib\http\client.py"", line 1333, in endheaders
    self._send_output(message_body, encode_chunked=encode_chunked)
    ~~~~~~~~~~~~~~~~~^^^^^^^^^^^^^^^^^^^^^^^^^^^^^^^^^^^^^^^^^^^^^
  File ""C:\Users\J SRIHARI\AppData\Local\Programs\Python\Python314\Lib\http\client.py"", line 1093, in _send_output
    self.send(msg)
    ~~~~~~~~~^^^^^
  File ""C:\Users\J SRIHARI\AppData\Local\Programs\Python\Python314\Lib\http\client.py"", line 1037, in send
    self.connect()
    ~~~~~~~~~~~~^^
  File ""C:\Users\J SRIHARI\AppData\Local\Programs\Python\Python314\Lib\site-packages\urllib3\connection.py"", line 331, in connect
    self.sock = self._new_conn()
                ~~~~~~~~~~~~~~^^
  File ""C:\Users\J SRIHARI\AppData\Local\Programs\Python\Python314\Lib\site-packages\urllib3\connection.py"", line 211, in _new_conn
    raise NameResolutionError(self.host, self, e) from e
urllib3.exceptions.NameResolutionError: HTTPConnection(host='invalid-payment-api.com', port=80): Failed to resolve 'invalid-payment-api.com' ([Errno 11001] getaddrinfo failed)

The above exception was the direct cause of the following exception:

Traceback (most recent call last):
  File ""C:\Users\J SRIHARI\AppData\Local\Programs\Python\Python314\Lib\site-packages\requests\adapters.py"", line 645, in send
    resp = conn.urlopen(
        method=request.method,
    ...<9 lines>...
        chunked=chunked,
    )
  File ""C:\Users\J SRIHARI\AppData\Local\Programs\Python\Python314\Lib\site-packages\urllib3\connectionpool.py"", line 841, in urlopen
    retries = retries.increment(
        method, url, error=new_e, _pool=self, _stacktrace=sys.exc_info()[2]
    )
  File ""C:\Users\J SRIHARI\AppData\Local\Programs\Python\Python314\Lib\site-packages\urllib3\util\retry.py"", line 535, in increment
    raise MaxRetryError(_pool, url, reason) from reason  # type: ignore[arg-type]
    ^^^^^^^^^^^^^^^^^^^^^^^^^^^^^^^^^^^^^^^^^^^^^^^^^^^
urllib3.exceptions.MaxRetryError: HTTPConnectionPool(host='invalid-payment-api.com', port=80): Max retries exceeded with url: / (Caused by NameResolutionError(""HTTPConnection(host='invalid-payment-api.com', port=80): Failed to resolve 'invalid-payment-api.com' ([Errno 11001] getaddrinfo failed)""))

During handling of the above exception, another exception occurred:

Traceback (most recent call last):
  File ""C:\failure_learning_system\monitored_apps\payment.py"", line 3, in <module>
    requests.get(""http://invalid-payment-api.com"")
    ~~~~~~~~~~~~^^^^^^^^^^^^^^^^^^^^^^^^^^^^^^^^^^
  File ""C:\Users\J SRIHARI\AppData\Local\Programs\Python\Python314\Lib\site-packages\requests\api.py"", line 73, in get
    return request(""get"", url, params=params, **kwargs)
  File ""C:\Users\J SRIHARI\AppData\Local\Programs\Python\Python314\Lib\site-packages\requests\api.py"", line 59, in request
    return session.request(method=method, url=url, **kwargs)
           ~~~~~~~~~~~~~~~^^^^^^^^^^^^^^^^^^^^^^^^^^^^^^^^^^
  File ""C:\Users\J SRIHARI\AppData\Local\Programs\Python\Python314\Lib\site-packages\requests\sessions.py"", line 592, in request
    resp = self.send(prep, **send_kwargs)
  File ""C:\Users\J SRIHARI\AppData\Local\Programs\Python\Python314\Lib\site-packages\requests\sessions.py"", line 706, in send
    r = adapter.send(request, **kwargs)
  File ""C:\Users\J SRIHARI\AppData\Local\Programs\Python\Python314\Lib\site-packages\requests\adapters.py"", line 678, in send
    raise ConnectionError(e, request=request)
requests.exceptions.ConnectionError: HTTPConnectionPool(host='invalid-payment-api.com', port=80): Max retries exceeded with url: / (Caused by NameResolutionError(""HTTPConnection(host='invalid-payment-api.com', port=80): Failed to resolve 'invalid-payment-api.com' ([Errno 11001] getaddrinfo failed)""))
",Python Runtime,LOW,API Failure,Check API endpoint and authentication,90
65,"Traceback (most recent call last):
  File ""C:\failure_learning_system\monitored_apps\backend.py"", line 3, in <module>
    print(numbers[11])
          ~~~~~~~^^^^
IndexError: list index out of range
",Python Runtime,LOW,Runtime Exception,Check application logic and traceback,70
66,"Traceback (most recent call last):
  File ""C:\failure_learning_system\monitored_apps\sample.py"", line 4, in <module>
    print(x / y)
          ~~^~~
ZeroDivisionError: division by zero
",Python Runtime,MEDIUM,Mathematical Runtime Exception,Check denominator before division,92
67,"Traceback (most recent call last):
  File ""C:\failure_learning_system\monitored_apps\api.py"", line 3, in <module>
    print(data[""name""])
          ~~~~^^^^^^^^
KeyError: 'name'
",Python Runtime,LOW,API Failure,Check API endpoint and authentication,90
68,"Traceback (most recent call last):
  File ""C:\Users\J SRIHARI\AppData\Local\Programs\Python\Python314\Lib\site-packages\urllib3\connection.py"", line 204, in _new_conn
    sock = connection.create_connection(
        (self._dns_host, self.port),
    ...<2 lines>...
        socket_options=self.socket_options,
    )
  File ""C:\Users\J SRIHARI\AppData\Local\Programs\Python\Python314\Lib\site-packages\urllib3\util\connection.py"", line 60, in create_connection
    for res in socket.getaddrinfo(host, port, family, socket.SOCK_STREAM):
               ~~~~~~~~~~~~~~~~~~^^^^^^^^^^^^^^^^^^^^^^^^^^^^^^^^^^^^^^^^
  File ""C:\Users\J SRIHARI\AppData\Local\Programs\Python\Python314\Lib\socket.py"", line 983, in getaddrinfo
    for res in _socket.getaddrinfo(host, port, family, type, proto, flags):
               ~~~~~~~~~~~~~~~~~~~^^^^^^^^^^^^^^^^^^^^^^^^^^^^^^^^^^^^^^^^
socket.gaierror: [Errno 11001] getaddrinfo failed

The above exception was the direct cause of the following exception:

Traceback (most recent call last):
  File ""C:\Users\J SRIHARI\AppData\Local\Programs\Python\Python314\Lib\site-packages\urllib3\connectionpool.py"", line 787, in urlopen
    response = self._make_request(
        conn,
    ...<10 lines>...
        **response_kw,
    )
  File ""C:\Users\J SRIHARI\AppData\Local\Programs\Python\Python314\Lib\site-packages\urllib3\connectionpool.py"", line 493, in _make_request
    conn.request(
    ~~~~~~~~~~~~^
        method,
        ^^^^^^^
    ...<6 lines>...
        enforce_content_length=enforce_content_length,
        ^^^^^^^^^^^^^^^^^^^^^^^^^^^^^^^^^^^^^^^^^^^^^^
    )
    ^
  File ""C:\Users\J SRIHARI\AppData\Local\Programs\Python\Python314\Lib\site-packages\urllib3\connection.py"", line 500, in request
    self.endheaders()
    ~~~~~~~~~~~~~~~^^
  File ""C:\Users\J SRIHARI\AppData\Local\Programs\Python\Python314\Lib\http\client.py"", line 1333, in endheaders
    self._send_output(message_body, encode_chunked=encode_chunked)
    ~~~~~~~~~~~~~~~~~^^^^^^^^^^^^^^^^^^^^^^^^^^^^^^^^^^^^^^^^^^^^^
  File ""C:\Users\J SRIHARI\AppData\Local\Programs\Python\Python314\Lib\http\client.py"", line 1093, in _send_output
    self.send(msg)
    ~~~~~~~~~^^^^^
  File ""C:\Users\J SRIHARI\AppData\Local\Programs\Python\Python314\Lib\http\client.py"", line 1037, in send
    self.connect()
    ~~~~~~~~~~~~^^
  File ""C:\Users\J SRIHARI\AppData\Local\Programs\Python\Python314\Lib\site-packages\urllib3\connection.py"", line 331, in connect
    self.sock = self._new_conn()
                ~~~~~~~~~~~~~~^^
  File ""C:\Users\J SRIHARI\AppData\Local\Programs\Python\Python314\Lib\site-packages\urllib3\connection.py"", line 211, in _new_conn
    raise NameResolutionError(self.host, self, e) from e
urllib3.exceptions.NameResolutionError: HTTPConnection(host='invalid-payment-api.com', port=80): Failed to resolve 'invalid-payment-api.com' ([Errno 11001] getaddrinfo failed)

The above exception was the direct cause of the following exception:

Traceback (most recent call last):
  File ""C:\Users\J SRIHARI\AppData\Local\Programs\Python\Python314\Lib\site-packages\requests\adapters.py"", line 645, in send
    resp = conn.urlopen(
        method=request.method,
    ...<9 lines>...
        chunked=chunked,
    )
  File ""C:\Users\J SRIHARI\AppData\Local\Programs\Python\Python314\Lib\site-packages\urllib3\connectionpool.py"", line 841, in urlopen
    retries = retries.increment(
        method, url, error=new_e, _pool=self, _stacktrace=sys.exc_info()[2]
    )
  File ""C:\Users\J SRIHARI\AppData\Local\Programs\Python\Python314\Lib\site-packages\urllib3\util\retry.py"", line 535, in increment
    raise MaxRetryError(_pool, url, reason) from reason  # type: ignore[arg-type]
    ^^^^^^^^^^^^^^^^^^^^^^^^^^^^^^^^^^^^^^^^^^^^^^^^^^^
urllib3.exceptions.MaxRetryError: HTTPConnectionPool(host='invalid-payment-api.com', port=80): Max retries exceeded with url: / (Caused by NameResolutionError(""HTTPConnection(host='invalid-payment-api.com', port=80): Failed to resolve 'invalid-payment-api.com' ([Errno 11001] getaddrinfo failed)""))

During handling of the above exception, another exception occurred:

Traceback (most recent call last):
  File ""C:\failure_learning_system\monitored_apps\payment.py"", line 3, in <module>
    requests.get(""http://invalid-payment-api.com"")
    ~~~~~~~~~~~~^^^^^^^^^^^^^^^^^^^^^^^^^^^^^^^^^^
  File ""C:\Users\J SRIHARI\AppData\Local\Programs\Python\Python314\Lib\site-packages\requests\api.py"", line 73, in get
    return request(""get"", url, params=params, **kwargs)
  File ""C:\Users\J SRIHARI\AppData\Local\Programs\Python\Python314\Lib\site-packages\requests\api.py"", line 59, in request
    return session.request(method=method, url=url, **kwargs)
           ~~~~~~~~~~~~~~~^^^^^^^^^^^^^^^^^^^^^^^^^^^^^^^^^^
  File ""C:\Users\J SRIHARI\AppData\Local\Programs\Python\Python314\Lib\site-packages\requests\sessions.py"", line 592, in request
    resp = self.send(prep, **send_kwargs)
  File ""C:\Users\J SRIHARI\AppData\Local\Programs\Python\Python314\Lib\site-packages\requests\sessions.py"", line 706, in send
    r = adapter.send(request, **kwargs)
  File ""C:\Users\J SRIHARI\AppData\Local\Programs\Python\Python314\Lib\site-packages\requests\adapters.py"", line 678, in send
    raise ConnectionError(e, request=request)
requests.exceptions.ConnectionError: HTTPConnectionPool(host='invalid-payment-api.com', port=80): Max retries exceeded with url: / (Caused by NameResolutionError(""HTTPConnection(host='invalid-payment-api.com', port=80): Failed to resolve 'invalid-payment-api.com' ([Errno 11001] getaddrinfo failed)""))
",Python Runtime,LOW,API Failure,Check API endpoint and authentication,90
69,"Traceback (most recent call last):
  File ""C:\failure_learning_system\monitored_apps\backend.py"", line 3, in <module>
    print(numbers[11])
          ~~~~~~~^^^^
IndexError: list index out of range
",Python Runtime,LOW,Runtime Exception,Check application logic and traceback,70
70,"Traceback (most recent call last):
  File ""C:\failure_learning_system\monitored_apps\sample.py"", line 4, in <module>
    print(x / y)
          ~~^~~
ZeroDivisionError: division by zero
",Python Runtime,MEDIUM,Mathematical Runtime Exception,Check denominator before division,92
71,"Traceback (most recent call last):
  File ""C:\failure_learning_system\monitored_apps\api.py"", line 3, in <module>
    print(data[""name""])
          ~~~~^^^^^^^^
KeyError: 'name'
",Python Runtime,LOW,API Failure,Check API endpoint and authentication,90
72,"Traceback (most recent call last):
  File ""C:\Users\J SRIHARI\AppData\Local\Programs\Python\Python314\Lib\site-packages\urllib3\connection.py"", line 204, in _new_conn
    sock = connection.create_connection(
        (self._dns_host, self.port),
    ...<2 lines>...
        socket_options=self.socket_options,
    )
  File ""C:\Users\J SRIHARI\AppData\Local\Programs\Python\Python314\Lib\site-packages\urllib3\util\connection.py"", line 60, in create_connection
    for res in socket.getaddrinfo(host, port, family, socket.SOCK_STREAM):
               ~~~~~~~~~~~~~~~~~~^^^^^^^^^^^^^^^^^^^^^^^^^^^^^^^^^^^^^^^^
  File ""C:\Users\J SRIHARI\AppData\Local\Programs\Python\Python314\Lib\socket.py"", line 983, in getaddrinfo
    for res in _socket.getaddrinfo(host, port, family, type, proto, flags):
               ~~~~~~~~~~~~~~~~~~~^^^^^^^^^^^^^^^^^^^^^^^^^^^^^^^^^^^^^^^^
socket.gaierror: [Errno 11001] getaddrinfo failed

The above exception was the direct cause of the following exception:

Traceback (most recent call last):
  File ""C:\Users\J SRIHARI\AppData\Local\Programs\Python\Python314\Lib\site-packages\urllib3\connectionpool.py"", line 787, in urlopen
    response = self._make_request(
        conn,
    ...<10 lines>...
        **response_kw,
    )
  File ""C:\Users\J SRIHARI\AppData\Local\Programs\Python\Python314\Lib\site-packages\urllib3\connectionpool.py"", line 493, in _make_request
    conn.request(
    ~~~~~~~~~~~~^
        method,
        ^^^^^^^
    ...<6 lines>...
        enforce_content_length=enforce_content_length,
        ^^^^^^^^^^^^^^^^^^^^^^^^^^^^^^^^^^^^^^^^^^^^^^
    )
    ^
  File ""C:\Users\J SRIHARI\AppData\Local\Programs\Python\Python314\Lib\site-packages\urllib3\connection.py"", line 500, in request
    self.endheaders()
    ~~~~~~~~~~~~~~~^^
  File ""C:\Users\J SRIHARI\AppData\Local\Programs\Python\Python314\Lib\http\client.py"", line 1333, in endheaders
    self._send_output(message_body, encode_chunked=encode_chunked)
    ~~~~~~~~~~~~~~~~~^^^^^^^^^^^^^^^^^^^^^^^^^^^^^^^^^^^^^^^^^^^^^
  File ""C:\Users\J SRIHARI\AppData\Local\Programs\Python\Python314\Lib\http\client.py"", line 1093, in _send_output
    self.send(msg)
    ~~~~~~~~~^^^^^
  File ""C:\Users\J SRIHARI\AppData\Local\Programs\Python\Python314\Lib\http\client.py"", line 1037, in send
    self.connect()
    ~~~~~~~~~~~~^^
  File ""C:\Users\J SRIHARI\AppData\Local\Programs\Python\Python314\Lib\site-packages\urllib3\connection.py"", line 331, in connect
    self.sock = self._new_conn()
                ~~~~~~~~~~~~~~^^
  File ""C:\Users\J SRIHARI\AppData\Local\Programs\Python\Python314\Lib\site-packages\urllib3\connection.py"", line 211, in _new_conn
    raise NameResolutionError(self.host, self, e) from e
urllib3.exceptions.NameResolutionError: HTTPConnection(host='invalid-payment-api.com', port=80): Failed to resolve 'invalid-payment-api.com' ([Errno 11001] getaddrinfo failed)

The above exception was the direct cause of the following exception:

Traceback (most recent call last):
  File ""C:\Users\J SRIHARI\AppData\Local\Programs\Python\Python314\Lib\site-packages\requests\adapters.py"", line 645, in send
    resp = conn.urlopen(
        method=request.method,
    ...<9 lines>...
        chunked=chunked,
    )
  File ""C:\Users\J SRIHARI\AppData\Local\Programs\Python\Python314\Lib\site-packages\urllib3\connectionpool.py"", line 841, in urlopen
    retries = retries.increment(
        method, url, error=new_e, _pool=self, _stacktrace=sys.exc_info()[2]
    )
  File ""C:\Users\J SRIHARI\AppData\Local\Programs\Python\Python314\Lib\site-packages\urllib3\util\retry.py"", line 535, in increment
    raise MaxRetryError(_pool, url, reason) from reason  # type: ignore[arg-type]
    ^^^^^^^^^^^^^^^^^^^^^^^^^^^^^^^^^^^^^^^^^^^^^^^^^^^
urllib3.exceptions.MaxRetryError: HTTPConnectionPool(host='invalid-payment-api.com', port=80): Max retries exceeded with url: / (Caused by NameResolutionError(""HTTPConnection(host='invalid-payment-api.com', port=80): Failed to resolve 'invalid-payment-api.com' ([Errno 11001] getaddrinfo failed)""))

During handling of the above exception, another exception occurred:

Traceback (most recent call last):
  File ""C:\failure_learning_system\monitored_apps\payment.py"", line 3, in <module>
    requests.get(""http://invalid-payment-api.com"")
    ~~~~~~~~~~~~^^^^^^^^^^^^^^^^^^^^^^^^^^^^^^^^^^
  File ""C:\Users\J SRIHARI\AppData\Local\Programs\Python\Python314\Lib\site-packages\requests\api.py"", line 73, in get
    return request(""get"", url, params=params, **kwargs)
  File ""C:\Users\J SRIHARI\AppData\Local\Programs\Python\Python314\Lib\site-packages\requests\api.py"", line 59, in request
    return session.request(method=method, url=url, **kwargs)
           ~~~~~~~~~~~~~~~^^^^^^^^^^^^^^^^^^^^^^^^^^^^^^^^^^
  File ""C:\Users\J SRIHARI\AppData\Local\Programs\Python\Python314\Lib\site-packages\requests\sessions.py"", line 592, in request
    resp = self.send(prep, **send_kwargs)
  File ""C:\Users\J SRIHARI\AppData\Local\Programs\Python\Python314\Lib\site-packages\requests\sessions.py"", line 706, in send
    r = adapter.send(request, **kwargs)
  File ""C:\Users\J SRIHARI\AppData\Local\Programs\Python\Python314\Lib\site-packages\requests\adapters.py"", line 678, in send
    raise ConnectionError(e, request=request)
requests.exceptions.ConnectionError: HTTPConnectionPool(host='invalid-payment-api.com', port=80): Max retries exceeded with url: / (Caused by NameResolutionError(""HTTPConnection(host='invalid-payment-api.com', port=80): Failed to resolve 'invalid-payment-api.com' ([Errno 11001] getaddrinfo failed)""))
",Python Runtime,LOW,API Failure,Check API endpoint and authentication,90
73,"Traceback (most recent call last):
  File ""C:\failure_learning_system\monitored_apps\backend.py"", line 3, in <module>
    print(numbers[11])
          ~~~~~~~^^^^
IndexError: list index out of range
",Python Runtime,LOW,Runtime Exception,Check application logic and traceback,70
74,"Traceback (most recent call last):
  File ""C:\failure_learning_system\monitored_apps\sample.py"", line 4, in <module>
    print(x / y)
          ~~^~~
ZeroDivisionError: division by zero
",Python Runtime,MEDIUM,Mathematical Runtime Exception,Check denominator before division,92
75,"Traceback (most recent call last):
  File ""C:\failure_learning_system\monitored_apps\api.py"", line 3, in <module>
    print(data[""name""])
          ~~~~^^^^^^^^
KeyError: 'name'
",Python Runtime,LOW,API Failure,Check API endpoint and authentication,90
76,"Traceback (most recent call last):
  File ""C:\Users\J SRIHARI\AppData\Local\Programs\Python\Python314\Lib\site-packages\urllib3\connection.py"", line 204, in _new_conn
    sock = connection.create_connection(
        (self._dns_host, self.port),
    ...<2 lines>...
        socket_options=self.socket_options,
    )
  File ""C:\Users\J SRIHARI\AppData\Local\Programs\Python\Python314\Lib\site-packages\urllib3\util\connection.py"", line 60, in create_connection
    for res in socket.getaddrinfo(host, port, family, socket.SOCK_STREAM):
               ~~~~~~~~~~~~~~~~~~^^^^^^^^^^^^^^^^^^^^^^^^^^^^^^^^^^^^^^^^
  File ""C:\Users\J SRIHARI\AppData\Local\Programs\Python\Python314\Lib\socket.py"", line 983, in getaddrinfo
    for res in _socket.getaddrinfo(host, port, family, type, proto, flags):
               ~~~~~~~~~~~~~~~~~~~^^^^^^^^^^^^^^^^^^^^^^^^^^^^^^^^^^^^^^^^
socket.gaierror: [Errno 11001] getaddrinfo failed

The above exception was the direct cause of the following exception:

Traceback (most recent call last):
  File ""C:\Users\J SRIHARI\AppData\Local\Programs\Python\Python314\Lib\site-packages\urllib3\connectionpool.py"", line 787, in urlopen
    response = self._make_request(
        conn,
    ...<10 lines>...
        **response_kw,
    )
  File ""C:\Users\J SRIHARI\AppData\Local\Programs\Python\Python314\Lib\site-packages\urllib3\connectionpool.py"", line 493, in _make_request
    conn.request(
    ~~~~~~~~~~~~^
        method,
        ^^^^^^^
    ...<6 lines>...
        enforce_content_length=enforce_content_length,
        ^^^^^^^^^^^^^^^^^^^^^^^^^^^^^^^^^^^^^^^^^^^^^^
    )
    ^
  File ""C:\Users\J SRIHARI\AppData\Local\Programs\Python\Python314\Lib\site-packages\urllib3\connection.py"", line 500, in request
    self.endheaders()
    ~~~~~~~~~~~~~~~^^
  File ""C:\Users\J SRIHARI\AppData\Local\Programs\Python\Python314\Lib\http\client.py"", line 1333, in endheaders
    self._send_output(message_body, encode_chunked=encode_chunked)
    ~~~~~~~~~~~~~~~~~^^^^^^^^^^^^^^^^^^^^^^^^^^^^^^^^^^^^^^^^^^^^^
  File ""C:\Users\J SRIHARI\AppData\Local\Programs\Python\Python314\Lib\http\client.py"", line 1093, in _send_output
    self.send(msg)
    ~~~~~~~~~^^^^^
  File ""C:\Users\J SRIHARI\AppData\Local\Programs\Python\Python314\Lib\http\client.py"", line 1037, in send
    self.connect()
    ~~~~~~~~~~~~^^
  File ""C:\Users\J SRIHARI\AppData\Local\Programs\Python\Python314\Lib\site-packages\urllib3\connection.py"", line 331, in connect
    self.sock = self._new_conn()
                ~~~~~~~~~~~~~~^^
  File ""C:\Users\J SRIHARI\AppData\Local\Programs\Python\Python314\Lib\site-packages\urllib3\connection.py"", line 211, in _new_conn
    raise NameResolutionError(self.host, self, e) from e
urllib3.exceptions.NameResolutionError: HTTPConnection(host='invalid-payment-api.com', port=80): Failed to resolve 'invalid-payment-api.com' ([Errno 11001] getaddrinfo failed)

The above exception was the direct cause of the following exception:

Traceback (most recent call last):
  File ""C:\Users\J SRIHARI\AppData\Local\Programs\Python\Python314\Lib\site-packages\requests\adapters.py"", line 645, in send
    resp = conn.urlopen(
        method=request.method,
    ...<9 lines>...
        chunked=chunked,
    )
  File ""C:\Users\J SRIHARI\AppData\Local\Programs\Python\Python314\Lib\site-packages\urllib3\connectionpool.py"", line 841, in urlopen
    retries = retries.increment(
        method, url, error=new_e, _pool=self, _stacktrace=sys.exc_info()[2]
    )
  File ""C:\Users\J SRIHARI\AppData\Local\Programs\Python\Python314\Lib\site-packages\urllib3\util\retry.py"", line 535, in increment
    raise MaxRetryError(_pool, url, reason) from reason  # type: ignore[arg-type]
    ^^^^^^^^^^^^^^^^^^^^^^^^^^^^^^^^^^^^^^^^^^^^^^^^^^^
urllib3.exceptions.MaxRetryError: HTTPConnectionPool(host='invalid-payment-api.com', port=80): Max retries exceeded with url: / (Caused by NameResolutionError(""HTTPConnection(host='invalid-payment-api.com', port=80): Failed to resolve 'invalid-payment-api.com' ([Errno 11001] getaddrinfo failed)""))

During handling of the above exception, another exception occurred:

Traceback (most recent call last):
  File ""C:\failure_learning_system\monitored_apps\payment.py"", line 3, in <module>
    requests.get(""http://invalid-payment-api.com"")
    ~~~~~~~~~~~~^^^^^^^^^^^^^^^^^^^^^^^^^^^^^^^^^^
  File ""C:\Users\J SRIHARI\AppData\Local\Programs\Python\Python314\Lib\site-packages\requests\api.py"", line 73, in get
    return request(""get"", url, params=params, **kwargs)
  File ""C:\Users\J SRIHARI\AppData\Local\Programs\Python\Python314\Lib\site-packages\requests\api.py"", line 59, in request
    return session.request(method=method, url=url, **kwargs)
           ~~~~~~~~~~~~~~~^^^^^^^^^^^^^^^^^^^^^^^^^^^^^^^^^^
  File ""C:\Users\J SRIHARI\AppData\Local\Programs\Python\Python314\Lib\site-packages\requests\sessions.py"", line 592, in request
    resp = self.send(prep, **send_kwargs)
  File ""C:\Users\J SRIHARI\AppData\Local\Programs\Python\Python314\Lib\site-packages\requests\sessions.py"", line 706, in send
    r = adapter.send(request, **kwargs)
  File ""C:\Users\J SRIHARI\AppData\Local\Programs\Python\Python314\Lib\site-packages\requests\adapters.py"", line 678, in send
    raise ConnectionError(e, request=request)
requests.exceptions.ConnectionError: HTTPConnectionPool(host='invalid-payment-api.com', port=80): Max retries exceeded with url: / (Caused by NameResolutionError(""HTTPConnection(host='invalid-payment-api.com', port=80): Failed to resolve 'invalid-payment-api.com' ([Errno 11001] getaddrinfo failed)""))
",Python Runtime,LOW,API Failure,Check API endpoint and authentication,90
77,"Traceback (most recent call last):
  File ""C:\failure_learning_system\monitored_apps\backend.py"", line 3, in <module>
    print(numbers[11])
          ~~~~~~~^^^^
IndexError: list index out of range
",Python Runtime,LOW,Runtime Exception,Check application logic and traceback,70
78,"Traceback (most recent call last):
  File ""C:\failure_learning_system\monitored_apps\sample.py"", line 4, in <module>
    print(x / y)
          ~~^~~
ZeroDivisionError: division by zero
",Python Runtime,MEDIUM,Mathematical Runtime Exception,Check denominator before division,92
79,"Traceback (most recent call last):
  File ""C:\failure_learning_system\monitored_apps\api.py"", line 3, in <module>
    print(data[""name""])
          ~~~~^^^^^^^^
KeyError: 'name'
",Python Runtime,LOW,API Failure,Check API endpoint and authentication,90
80,"Traceback (most recent call last):
  File ""C:\Users\J SRIHARI\AppData\Local\Programs\Python\Python314\Lib\site-packages\urllib3\connection.py"", line 204, in _new_conn
    sock = connection.create_connection(
        (self._dns_host, self.port),
    ...<2 lines>...
        socket_options=self.socket_options,
    )
  File ""C:\Users\J SRIHARI\AppData\Local\Programs\Python\Python314\Lib\site-packages\urllib3\util\connection.py"", line 60, in create_connection
    for res in socket.getaddrinfo(host, port, family, socket.SOCK_STREAM):
               ~~~~~~~~~~~~~~~~~~^^^^^^^^^^^^^^^^^^^^^^^^^^^^^^^^^^^^^^^^
  File ""C:\Users\J SRIHARI\AppData\Local\Programs\Python\Python314\Lib\socket.py"", line 983, in getaddrinfo
    for res in _socket.getaddrinfo(host, port, family, type, proto, flags):
               ~~~~~~~~~~~~~~~~~~~^^^^^^^^^^^^^^^^^^^^^^^^^^^^^^^^^^^^^^^^
socket.gaierror: [Errno 11001] getaddrinfo failed

The above exception was the direct cause of the following exception:

Traceback (most recent call last):
  File ""C:\Users\J SRIHARI\AppData\Local\Programs\Python\Python314\Lib\site-packages\urllib3\connectionpool.py"", line 787, in urlopen
    response = self._make_request(
        conn,
    ...<10 lines>...
        **response_kw,
    )
  File ""C:\Users\J SRIHARI\AppData\Local\Programs\Python\Python314\Lib\site-packages\urllib3\connectionpool.py"", line 493, in _make_request
    conn.request(
    ~~~~~~~~~~~~^
        method,
        ^^^^^^^
    ...<6 lines>...
        enforce_content_length=enforce_content_length,
        ^^^^^^^^^^^^^^^^^^^^^^^^^^^^^^^^^^^^^^^^^^^^^^
    )
    ^
  File ""C:\Users\J SRIHARI\AppData\Local\Programs\Python\Python314\Lib\site-packages\urllib3\connection.py"", line 500, in request
    self.endheaders()
    ~~~~~~~~~~~~~~~^^
  File ""C:\Users\J SRIHARI\AppData\Local\Programs\Python\Python314\Lib\http\client.py"", line 1333, in endheaders
    self._send_output(message_body, encode_chunked=encode_chunked)
    ~~~~~~~~~~~~~~~~~^^^^^^^^^^^^^^^^^^^^^^^^^^^^^^^^^^^^^^^^^^^^^
  File ""C:\Users\J SRIHARI\AppData\Local\Programs\Python\Python314\Lib\http\client.py"", line 1093, in _send_output
    self.send(msg)
    ~~~~~~~~~^^^^^
  File ""C:\Users\J SRIHARI\AppData\Local\Programs\Python\Python314\Lib\http\client.py"", line 1037, in send
    self.connect()
    ~~~~~~~~~~~~^^
  File ""C:\Users\J SRIHARI\AppData\Local\Programs\Python\Python314\Lib\site-packages\urllib3\connection.py"", line 331, in connect
    self.sock = self._new_conn()
                ~~~~~~~~~~~~~~^^
  File ""C:\Users\J SRIHARI\AppData\Local\Programs\Python\Python314\Lib\site-packages\urllib3\connection.py"", line 211, in _new_conn
    raise NameResolutionError(self.host, self, e) from e
urllib3.exceptions.NameResolutionError: HTTPConnection(host='invalid-payment-api.com', port=80): Failed to resolve 'invalid-payment-api.com' ([Errno 11001] getaddrinfo failed)

The above exception was the direct cause of the following exception:

Traceback (most recent call last):
  File ""C:\Users\J SRIHARI\AppData\Local\Programs\Python\Python314\Lib\site-packages\requests\adapters.py"", line 645, in send
    resp = conn.urlopen(
        method=request.method,
    ...<9 lines>...
        chunked=chunked,
    )
  File ""C:\Users\J SRIHARI\AppData\Local\Programs\Python\Python314\Lib\site-packages\urllib3\connectionpool.py"", line 841, in urlopen
    retries = retries.increment(
        method, url, error=new_e, _pool=self, _stacktrace=sys.exc_info()[2]
    )
  File ""C:\Users\J SRIHARI\AppData\Local\Programs\Python\Python314\Lib\site-packages\urllib3\util\retry.py"", line 535, in increment
    raise MaxRetryError(_pool, url, reason) from reason  # type: ignore[arg-type]
    ^^^^^^^^^^^^^^^^^^^^^^^^^^^^^^^^^^^^^^^^^^^^^^^^^^^
urllib3.exceptions.MaxRetryError: HTTPConnectionPool(host='invalid-payment-api.com', port=80): Max retries exceeded with url: / (Caused by NameResolutionError(""HTTPConnection(host='invalid-payment-api.com', port=80): Failed to resolve 'invalid-payment-api.com' ([Errno 11001] getaddrinfo failed)""))

During handling of the above exception, another exception occurred:

Traceback (most recent call last):
  File ""C:\failure_learning_system\monitored_apps\payment.py"", line 3, in <module>
    requests.get(""http://invalid-payment-api.com"")
    ~~~~~~~~~~~~^^^^^^^^^^^^^^^^^^^^^^^^^^^^^^^^^^
  File ""C:\Users\J SRIHARI\AppData\Local\Programs\Python\Python314\Lib\site-packages\requests\api.py"", line 73, in get
    return request(""get"", url, params=params, **kwargs)
  File ""C:\Users\J SRIHARI\AppData\Local\Programs\Python\Python314\Lib\site-packages\requests\api.py"", line 59, in request
    return session.request(method=method, url=url, **kwargs)
           ~~~~~~~~~~~~~~~^^^^^^^^^^^^^^^^^^^^^^^^^^^^^^^^^^
  File ""C:\Users\J SRIHARI\AppData\Local\Programs\Python\Python314\Lib\site-packages\requests\sessions.py"", line 592, in request
    resp = self.send(prep, **send_kwargs)
  File ""C:\Users\J SRIHARI\AppData\Local\Programs\Python\Python314\Lib\site-packages\requests\sessions.py"", line 706, in send
    r = adapter.send(request, **kwargs)
  File ""C:\Users\J SRIHARI\AppData\Local\Programs\Python\Python314\Lib\site-packages\requests\adapters.py"", line 678, in send
    raise ConnectionError(e, request=request)
requests.exceptions.ConnectionError: HTTPConnectionPool(host='invalid-payment-api.com', port=80): Max retries exceeded with url: / (Caused by NameResolutionError(""HTTPConnection(host='invalid-payment-api.com', port=80): Failed to resolve 'invalid-payment-api.com' ([Errno 11001] getaddrinfo failed)""))
",Python Runtime,LOW,API Failure,Check API endpoint and authentication,90
81,"Traceback (most recent call last):
  File ""C:\failure_learning_system\monitored_apps\backend.py"", line 3, in <module>
    print(numbers[11])
          ~~~~~~~^^^^
IndexError: list index out of range
",Python Runtime,LOW,Runtime Exception,Check application logic and traceback,70
82,"Traceback (most recent call last):
  File ""C:\failure_learning_system\monitored_apps\sample.py"", line 4, in <module>
    print(x / y)
          ~~^~~
ZeroDivisionError: division by zero
",Python Runtime,MEDIUM,Mathematical Runtime Exception,Check denominator before division,92
83,"Traceback (most recent call last):
  File ""C:\failure_learning_system\monitored_apps\api.py"", line 3, in <module>
    print(data[""name""])
          ~~~~^^^^^^^^
KeyError: 'name'
",Python Runtime,LOW,API Failure,Check API endpoint and authentication,90
84,"Traceback (most recent call last):
  File ""C:\Users\J SRIHARI\AppData\Local\Programs\Python\Python314\Lib\site-packages\urllib3\connection.py"", line 204, in _new_conn
    sock = connection.create_connection(
        (self._dns_host, self.port),
    ...<2 lines>...
        socket_options=self.socket_options,
    )
  File ""C:\Users\J SRIHARI\AppData\Local\Programs\Python\Python314\Lib\site-packages\urllib3\util\connection.py"", line 60, in create_connection
    for res in socket.getaddrinfo(host, port, family, socket.SOCK_STREAM):
               ~~~~~~~~~~~~~~~~~~^^^^^^^^^^^^^^^^^^^^^^^^^^^^^^^^^^^^^^^^
  File ""C:\Users\J SRIHARI\AppData\Local\Programs\Python\Python314\Lib\socket.py"", line 983, in getaddrinfo
    for res in _socket.getaddrinfo(host, port, family, type, proto, flags):
               ~~~~~~~~~~~~~~~~~~~^^^^^^^^^^^^^^^^^^^^^^^^^^^^^^^^^^^^^^^^
socket.gaierror: [Errno 11001] getaddrinfo failed

The above exception was the direct cause of the following exception:

Traceback (most recent call last):
  File ""C:\Users\J SRIHARI\AppData\Local\Programs\Python\Python314\Lib\site-packages\urllib3\connectionpool.py"", line 787, in urlopen
    response = self._make_request(
        conn,
    ...<10 lines>...
        **response_kw,
    )
  File ""C:\Users\J SRIHARI\AppData\Local\Programs\Python\Python314\Lib\site-packages\urllib3\connectionpool.py"", line 493, in _make_request
    conn.request(
    ~~~~~~~~~~~~^
        method,
        ^^^^^^^
    ...<6 lines>...
        enforce_content_length=enforce_content_length,
        ^^^^^^^^^^^^^^^^^^^^^^^^^^^^^^^^^^^^^^^^^^^^^^
    )
    ^
  File ""C:\Users\J SRIHARI\AppData\Local\Programs\Python\Python314\Lib\site-packages\urllib3\connection.py"", line 500, in request
    self.endheaders()
    ~~~~~~~~~~~~~~~^^
  File ""C:\Users\J SRIHARI\AppData\Local\Programs\Python\Python314\Lib\http\client.py"", line 1333, in endheaders
    self._send_output(message_body, encode_chunked=encode_chunked)
    ~~~~~~~~~~~~~~~~~^^^^^^^^^^^^^^^^^^^^^^^^^^^^^^^^^^^^^^^^^^^^^
  File ""C:\Users\J SRIHARI\AppData\Local\Programs\Python\Python314\Lib\http\client.py"", line 1093, in _send_output
    self.send(msg)
    ~~~~~~~~~^^^^^
  File ""C:\Users\J SRIHARI\AppData\Local\Programs\Python\Python314\Lib\http\client.py"", line 1037, in send
    self.connect()
    ~~~~~~~~~~~~^^
  File ""C:\Users\J SRIHARI\AppData\Local\Programs\Python\Python314\Lib\site-packages\urllib3\connection.py"", line 331, in connect
    self.sock = self._new_conn()
                ~~~~~~~~~~~~~~^^
  File ""C:\Users\J SRIHARI\AppData\Local\Programs\Python\Python314\Lib\site-packages\urllib3\connection.py"", line 211, in _new_conn
    raise NameResolutionError(self.host, self, e) from e
urllib3.exceptions.NameResolutionError: HTTPConnection(host='invalid-payment-api.com', port=80): Failed to resolve 'invalid-payment-api.com' ([Errno 11001] getaddrinfo failed)

The above exception was the direct cause of the following exception:

Traceback (most recent call last):
  File ""C:\Users\J SRIHARI\AppData\Local\Programs\Python\Python314\Lib\site-packages\requests\adapters.py"", line 645, in send
    resp = conn.urlopen(
        method=request.method,
    ...<9 lines>...
        chunked=chunked,
    )
  File ""C:\Users\J SRIHARI\AppData\Local\Programs\Python\Python314\Lib\site-packages\urllib3\connectionpool.py"", line 841, in urlopen
    retries = retries.increment(
        method, url, error=new_e, _pool=self, _stacktrace=sys.exc_info()[2]
    )
  File ""C:\Users\J SRIHARI\AppData\Local\Programs\Python\Python314\Lib\site-packages\urllib3\util\retry.py"", line 535, in increment
    raise MaxRetryError(_pool, url, reason) from reason  # type: ignore[arg-type]
    ^^^^^^^^^^^^^^^^^^^^^^^^^^^^^^^^^^^^^^^^^^^^^^^^^^^
urllib3.exceptions.MaxRetryError: HTTPConnectionPool(host='invalid-payment-api.com', port=80): Max retries exceeded with url: / (Caused by NameResolutionError(""HTTPConnection(host='invalid-payment-api.com', port=80): Failed to resolve 'invalid-payment-api.com' ([Errno 11001] getaddrinfo failed)""))

During handling of the above exception, another exception occurred:

Traceback (most recent call last):
  File ""C:\failure_learning_system\monitored_apps\payment.py"", line 3, in <module>
    requests.get(""http://invalid-payment-api.com"")
    ~~~~~~~~~~~~^^^^^^^^^^^^^^^^^^^^^^^^^^^^^^^^^^
  File ""C:\Users\J SRIHARI\AppData\Local\Programs\Python\Python314\Lib\site-packages\requests\api.py"", line 73, in get
    return request(""get"", url, params=params, **kwargs)
  File ""C:\Users\J SRIHARI\AppData\Local\Programs\Python\Python314\Lib\site-packages\requests\api.py"", line 59, in request
    return session.request(method=method, url=url, **kwargs)
           ~~~~~~~~~~~~~~~^^^^^^^^^^^^^^^^^^^^^^^^^^^^^^^^^^
  File ""C:\Users\J SRIHARI\AppData\Local\Programs\Python\Python314\Lib\site-packages\requests\sessions.py"", line 592, in request
    resp = self.send(prep, **send_kwargs)
  File ""C:\Users\J SRIHARI\AppData\Local\Programs\Python\Python314\Lib\site-packages\requests\sessions.py"", line 706, in send
    r = adapter.send(request, **kwargs)
  File ""C:\Users\J SRIHARI\AppData\Local\Programs\Python\Python314\Lib\site-packages\requests\adapters.py"", line 678, in send
    raise ConnectionError(e, request=request)
requests.exceptions.ConnectionError: HTTPConnectionPool(host='invalid-payment-api.com', port=80): Max retries exceeded with url: / (Caused by NameResolutionError(""HTTPConnection(host='invalid-payment-api.com', port=80): Failed to resolve 'invalid-payment-api.com' ([Errno 11001] getaddrinfo failed)""))
",Python Runtime,LOW,API Failure,Check API endpoint and authentication,90
85,"Traceback (most recent call last):
  File ""C:\failure_learning_system\monitored_apps\backend.py"", line 3, in <module>
    print(numbers[11])
          ~~~~~~~^^^^
IndexError: list index out of range
",Python Runtime,LOW,Runtime Exception,Check application logic and traceback,70
86,"Traceback (most recent call last):
  File ""C:\failure_learning_system\monitored_apps\sample.py"", line 4, in <module>
    print(x / y)
          ~~^~~
ZeroDivisionError: division by zero
",Python Runtime,MEDIUM,Mathematical Runtime Exception,Check denominator before division,92
87,"Traceback (most recent call last):
  File ""C:\failure_learning_system\monitored_apps\api.py"", line 3, in <module>
    print(data[""name""])
          ~~~~^^^^^^^^
KeyError: 'name'
",Python Runtime,LOW,API Failure,Check API endpoint and authentication,90
88,"Traceback (most recent call last):
  File ""C:\Users\J SRIHARI\AppData\Local\Programs\Python\Python314\Lib\site-packages\urllib3\connection.py"", line 204, in _new_conn
    sock = connection.create_connection(
        (self._dns_host, self.port),
    ...<2 lines>...
        socket_options=self.socket_options,
    )
  File ""C:\Users\J SRIHARI\AppData\Local\Programs\Python\Python314\Lib\site-packages\urllib3\util\connection.py"", line 60, in create_connection
    for res in socket.getaddrinfo(host, port, family, socket.SOCK_STREAM):
               ~~~~~~~~~~~~~~~~~~^^^^^^^^^^^^^^^^^^^^^^^^^^^^^^^^^^^^^^^^
  File ""C:\Users\J SRIHARI\AppData\Local\Programs\Python\Python314\Lib\socket.py"", line 983, in getaddrinfo
    for res in _socket.getaddrinfo(host, port, family, type, proto, flags):
               ~~~~~~~~~~~~~~~~~~~^^^^^^^^^^^^^^^^^^^^^^^^^^^^^^^^^^^^^^^^
socket.gaierror: [Errno 11001] getaddrinfo failed

The above exception was the direct cause of the following exception:

Traceback (most recent call last):
  File ""C:\Users\J SRIHARI\AppData\Local\Programs\Python\Python314\Lib\site-packages\urllib3\connectionpool.py"", line 787, in urlopen
    response = self._make_request(
        conn,
    ...<10 lines>...
        **response_kw,
    )
  File ""C:\Users\J SRIHARI\AppData\Local\Programs\Python\Python314\Lib\site-packages\urllib3\connectionpool.py"", line 493, in _make_request
    conn.request(
    ~~~~~~~~~~~~^
        method,
        ^^^^^^^
    ...<6 lines>...
        enforce_content_length=enforce_content_length,
        ^^^^^^^^^^^^^^^^^^^^^^^^^^^^^^^^^^^^^^^^^^^^^^
    )
    ^
  File ""C:\Users\J SRIHARI\AppData\Local\Programs\Python\Python314\Lib\site-packages\urllib3\connection.py"", line 500, in request
    self.endheaders()
    ~~~~~~~~~~~~~~~^^
  File ""C:\Users\J SRIHARI\AppData\Local\Programs\Python\Python314\Lib\http\client.py"", line 1333, in endheaders
    self._send_output(message_body, encode_chunked=encode_chunked)
    ~~~~~~~~~~~~~~~~~^^^^^^^^^^^^^^^^^^^^^^^^^^^^^^^^^^^^^^^^^^^^^
  File ""C:\Users\J SRIHARI\AppData\Local\Programs\Python\Python314\Lib\http\client.py"", line 1093, in _send_output
    self.send(msg)
    ~~~~~~~~~^^^^^
  File ""C:\Users\J SRIHARI\AppData\Local\Programs\Python\Python314\Lib\http\client.py"", line 1037, in send
    self.connect()
    ~~~~~~~~~~~~^^
  File ""C:\Users\J SRIHARI\AppData\Local\Programs\Python\Python314\Lib\site-packages\urllib3\connection.py"", line 331, in connect
    self.sock = self._new_conn()
                ~~~~~~~~~~~~~~^^
  File ""C:\Users\J SRIHARI\AppData\Local\Programs\Python\Python314\Lib\site-packages\urllib3\connection.py"", line 211, in _new_conn
    raise NameResolutionError(self.host, self, e) from e
urllib3.exceptions.NameResolutionError: HTTPConnection(host='invalid-payment-api.com', port=80): Failed to resolve 'invalid-payment-api.com' ([Errno 11001] getaddrinfo failed)

The above exception was the direct cause of the following exception:

Traceback (most recent call last):
  File ""C:\Users\J SRIHARI\AppData\Local\Programs\Python\Python314\Lib\site-packages\requests\adapters.py"", line 645, in send
    resp = conn.urlopen(
        method=request.method,
    ...<9 lines>...
        chunked=chunked,
    )
  File ""C:\Users\J SRIHARI\AppData\Local\Programs\Python\Python314\Lib\site-packages\urllib3\connectionpool.py"", line 841, in urlopen
    retries = retries.increment(
        method, url, error=new_e, _pool=self, _stacktrace=sys.exc_info()[2]
    )
  File ""C:\Users\J SRIHARI\AppData\Local\Programs\Python\Python314\Lib\site-packages\urllib3\util\retry.py"", line 535, in increment
    raise MaxRetryError(_pool, url, reason) from reason  # type: ignore[arg-type]
    ^^^^^^^^^^^^^^^^^^^^^^^^^^^^^^^^^^^^^^^^^^^^^^^^^^^
urllib3.exceptions.MaxRetryError: HTTPConnectionPool(host='invalid-payment-api.com', port=80): Max retries exceeded with url: / (Caused by NameResolutionError(""HTTPConnection(host='invalid-payment-api.com', port=80): Failed to resolve 'invalid-payment-api.com' ([Errno 11001] getaddrinfo failed)""))

During handling of the above exception, another exception occurred:

Traceback (most recent call last):
  File ""C:\failure_learning_system\monitored_apps\payment.py"", line 3, in <module>
    requests.get(""http://invalid-payment-api.com"")
    ~~~~~~~~~~~~^^^^^^^^^^^^^^^^^^^^^^^^^^^^^^^^^^
  File ""C:\Users\J SRIHARI\AppData\Local\Programs\Python\Python314\Lib\site-packages\requests\api.py"", line 73, in get
    return request(""get"", url, params=params, **kwargs)
  File ""C:\Users\J SRIHARI\AppData\Local\Programs\Python\Python314\Lib\site-packages\requests\api.py"", line 59, in request
    return session.request(method=method, url=url, **kwargs)
           ~~~~~~~~~~~~~~~^^^^^^^^^^^^^^^^^^^^^^^^^^^^^^^^^^
  File ""C:\Users\J SRIHARI\AppData\Local\Programs\Python\Python314\Lib\site-packages\requests\sessions.py"", line 592, in request
    resp = self.send(prep, **send_kwargs)
  File ""C:\Users\J SRIHARI\AppData\Local\Programs\Python\Python314\Lib\site-packages\requests\sessions.py"", line 706, in send
    r = adapter.send(request, **kwargs)
  File ""C:\Users\J SRIHARI\AppData\Local\Programs\Python\Python314\Lib\site-packages\requests\adapters.py"", line 678, in send
    raise ConnectionError(e, request=request)
requests.exceptions.ConnectionError: HTTPConnectionPool(host='invalid-payment-api.com', port=80): Max retries exceeded with url: / (Caused by NameResolutionError(""HTTPConnection(host='invalid-payment-api.com', port=80): Failed to resolve 'invalid-payment-api.com' ([Errno 11001] getaddrinfo failed)""))
",Python Runtime,LOW,API Failure,Check API endpoint and authentication,90
89,"Traceback (most recent call last):
  File ""C:\failure_learning_system\monitored_apps\backend.py"", line 3, in <module>
    print(numbers[11])
          ~~~~~~~^^^^
IndexError: list index out of range
",Python Runtime,LOW,Runtime Exception,Check application logic and traceback,70
90,"Traceback (most recent call last):
  File ""C:\failure_learning_system\monitored_apps\sample.py"", line 4, in <module>
    print(x / y)
          ~~^~~
ZeroDivisionError: division by zero
",Python Runtime,MEDIUM,Mathematical Runtime Exception,Check denominator before division,92
91,"Traceback (most recent call last):
  File ""C:\failure_learning_system\monitored_apps\api.py"", line 3, in <module>
    print(data[""name""])
          ~~~~^^^^^^^^
KeyError: 'name'
",Python Runtime,LOW,API Failure,Check API endpoint and authentication,90
92,"Traceback (most recent call last):
  File ""C:\Users\J SRIHARI\AppData\Local\Programs\Python\Python314\Lib\site-packages\urllib3\connection.py"", line 204, in _new_conn
    sock = connection.create_connection(
        (self._dns_host, self.port),
    ...<2 lines>...
        socket_options=self.socket_options,
    )
  File ""C:\Users\J SRIHARI\AppData\Local\Programs\Python\Python314\Lib\site-packages\urllib3\util\connection.py"", line 60, in create_connection
    for res in socket.getaddrinfo(host, port, family, socket.SOCK_STREAM):
               ~~~~~~~~~~~~~~~~~~^^^^^^^^^^^^^^^^^^^^^^^^^^^^^^^^^^^^^^^^
  File ""C:\Users\J SRIHARI\AppData\Local\Programs\Python\Python314\Lib\socket.py"", line 983, in getaddrinfo
    for res in _socket.getaddrinfo(host, port, family, type, proto, flags):
               ~~~~~~~~~~~~~~~~~~~^^^^^^^^^^^^^^^^^^^^^^^^^^^^^^^^^^^^^^^^
socket.gaierror: [Errno 11001] getaddrinfo failed

The above exception was the direct cause of the following exception:

Traceback (most recent call last):
  File ""C:\Users\J SRIHARI\AppData\Local\Programs\Python\Python314\Lib\site-packages\urllib3\connectionpool.py"", line 787, in urlopen
    response = self._make_request(
        conn,
    ...<10 lines>...
        **response_kw,
    )
  File ""C:\Users\J SRIHARI\AppData\Local\Programs\Python\Python314\Lib\site-packages\urllib3\connectionpool.py"", line 493, in _make_request
    conn.request(
    ~~~~~~~~~~~~^
        method,
        ^^^^^^^
    ...<6 lines>...
        enforce_content_length=enforce_content_length,
        ^^^^^^^^^^^^^^^^^^^^^^^^^^^^^^^^^^^^^^^^^^^^^^
    )
    ^
  File ""C:\Users\J SRIHARI\AppData\Local\Programs\Python\Python314\Lib\site-packages\urllib3\connection.py"", line 500, in request
    self.endheaders()
    ~~~~~~~~~~~~~~~^^
  File ""C:\Users\J SRIHARI\AppData\Local\Programs\Python\Python314\Lib\http\client.py"", line 1333, in endheaders
    self._send_output(message_body, encode_chunked=encode_chunked)
    ~~~~~~~~~~~~~~~~~^^^^^^^^^^^^^^^^^^^^^^^^^^^^^^^^^^^^^^^^^^^^^
  File ""C:\Users\J SRIHARI\AppData\Local\Programs\Python\Python314\Lib\http\client.py"", line 1093, in _send_output
    self.send(msg)
    ~~~~~~~~~^^^^^
  File ""C:\Users\J SRIHARI\AppData\Local\Programs\Python\Python314\Lib\http\client.py"", line 1037, in send
    self.connect()
    ~~~~~~~~~~~~^^
  File ""C:\Users\J SRIHARI\AppData\Local\Programs\Python\Python314\Lib\site-packages\urllib3\connection.py"", line 331, in connect
    self.sock = self._new_conn()
                ~~~~~~~~~~~~~~^^
  File ""C:\Users\J SRIHARI\AppData\Local\Programs\Python\Python314\Lib\site-packages\urllib3\connection.py"", line 211, in _new_conn
    raise NameResolutionError(self.host, self, e) from e
urllib3.exceptions.NameResolutionError: HTTPConnection(host='invalid-payment-api.com', port=80): Failed to resolve 'invalid-payment-api.com' ([Errno 11001] getaddrinfo failed)

The above exception was the direct cause of the following exception:

Traceback (most recent call last):
  File ""C:\Users\J SRIHARI\AppData\Local\Programs\Python\Python314\Lib\site-packages\requests\adapters.py"", line 645, in send
    resp = conn.urlopen(
        method=request.method,
    ...<9 lines>...
        chunked=chunked,
    )
  File ""C:\Users\J SRIHARI\AppData\Local\Programs\Python\Python314\Lib\site-packages\urllib3\connectionpool.py"", line 841, in urlopen
    retries = retries.increment(
        method, url, error=new_e, _pool=self, _stacktrace=sys.exc_info()[2]
    )
  File ""C:\Users\J SRIHARI\AppData\Local\Programs\Python\Python314\Lib\site-packages\urllib3\util\retry.py"", line 535, in increment
    raise MaxRetryError(_pool, url, reason) from reason  # type: ignore[arg-type]
    ^^^^^^^^^^^^^^^^^^^^^^^^^^^^^^^^^^^^^^^^^^^^^^^^^^^
urllib3.exceptions.MaxRetryError: HTTPConnectionPool(host='invalid-payment-api.com', port=80): Max retries exceeded with url: / (Caused by NameResolutionError(""HTTPConnection(host='invalid-payment-api.com', port=80): Failed to resolve 'invalid-payment-api.com' ([Errno 11001] getaddrinfo failed)""))

During handling of the above exception, another exception occurred:

Traceback (most recent call last):
  File ""C:\failure_learning_system\monitored_apps\payment.py"", line 3, in <module>
    requests.get(""http://invalid-payment-api.com"")
    ~~~~~~~~~~~~^^^^^^^^^^^^^^^^^^^^^^^^^^^^^^^^^^
  File ""C:\Users\J SRIHARI\AppData\Local\Programs\Python\Python314\Lib\site-packages\requests\api.py"", line 73, in get
    return request(""get"", url, params=params, **kwargs)
  File ""C:\Users\J SRIHARI\AppData\Local\Programs\Python\Python314\Lib\site-packages\requests\api.py"", line 59, in request
    return session.request(method=method, url=url, **kwargs)
           ~~~~~~~~~~~~~~~^^^^^^^^^^^^^^^^^^^^^^^^^^^^^^^^^^
  File ""C:\Users\J SRIHARI\AppData\Local\Programs\Python\Python314\Lib\site-packages\requests\sessions.py"", line 592, in request
    resp = self.send(prep, **send_kwargs)
  File ""C:\Users\J SRIHARI\AppData\Local\Programs\Python\Python314\Lib\site-packages\requests\sessions.py"", line 706, in send
    r = adapter.send(request, **kwargs)
  File ""C:\Users\J SRIHARI\AppData\Local\Programs\Python\Python314\Lib\site-packages\requests\adapters.py"", line 678, in send
    raise ConnectionError(e, request=request)
requests.exceptions.ConnectionError: HTTPConnectionPool(host='invalid-payment-api.com', port=80): Max retries exceeded with url: / (Caused by NameResolutionError(""HTTPConnection(host='invalid-payment-api.com', port=80): Failed to resolve 'invalid-payment-api.com' ([Errno 11001] getaddrinfo failed)""))
",Python Runtime,LOW,API Failure,Check API endpoint and authentication,90
93,"Traceback (most recent call last):
  File ""C:\failure_learning_system\monitored_apps\backend.py"", line 3, in <module>
    print(numbers[11])
          ~~~~~~~^^^^
IndexError: list index out of range
",Python Runtime,LOW,Runtime Exception,Check application logic and traceback,70
94,"Traceback (most recent call last):
  File ""C:\failure_learning_system\monitored_apps\sample.py"", line 4, in <module>
    print(x / y)
          ~~^~~
ZeroDivisionError: division by zero
",Python Runtime,MEDIUM,Mathematical Runtime Exception,Check denominator before division,92
95,"Traceback (most recent call last):
  File ""C:\failure_learning_system\monitored_apps\api.py"", line 3, in <module>
    print(data[""name""])
          ~~~~^^^^^^^^
KeyError: 'name'
",Python Runtime,LOW,API Failure,Check API endpoint and authentication,90
96,"Traceback (most recent call last):
  File ""C:\Users\J SRIHARI\AppData\Local\Programs\Python\Python314\Lib\site-packages\urllib3\connection.py"", line 204, in _new_conn
    sock = connection.create_connection(
        (self._dns_host, self.port),
    ...<2 lines>...
        socket_options=self.socket_options,
    )
  File ""C:\Users\J SRIHARI\AppData\Local\Programs\Python\Python314\Lib\site-packages\urllib3\util\connection.py"", line 60, in create_connection
    for res in socket.getaddrinfo(host, port, family, socket.SOCK_STREAM):
               ~~~~~~~~~~~~~~~~~~^^^^^^^^^^^^^^^^^^^^^^^^^^^^^^^^^^^^^^^^
  File ""C:\Users\J SRIHARI\AppData\Local\Programs\Python\Python314\Lib\socket.py"", line 983, in getaddrinfo
    for res in _socket.getaddrinfo(host, port, family, type, proto, flags):
               ~~~~~~~~~~~~~~~~~~~^^^^^^^^^^^^^^^^^^^^^^^^^^^^^^^^^^^^^^^^
socket.gaierror: [Errno 11001] getaddrinfo failed

The above exception was the direct cause of the following exception:

Traceback (most recent call last):
  File ""C:\Users\J SRIHARI\AppData\Local\Programs\Python\Python314\Lib\site-packages\urllib3\connectionpool.py"", line 787, in urlopen
    response = self._make_request(
        conn,
    ...<10 lines>...
        **response_kw,
    )
  File ""C:\Users\J SRIHARI\AppData\Local\Programs\Python\Python314\Lib\site-packages\urllib3\connectionpool.py"", line 493, in _make_request
    conn.request(
    ~~~~~~~~~~~~^
        method,
        ^^^^^^^
    ...<6 lines>...
        enforce_content_length=enforce_content_length,
        ^^^^^^^^^^^^^^^^^^^^^^^^^^^^^^^^^^^^^^^^^^^^^^
    )
    ^
  File ""C:\Users\J SRIHARI\AppData\Local\Programs\Python\Python314\Lib\site-packages\urllib3\connection.py"", line 500, in request
    self.endheaders()
    ~~~~~~~~~~~~~~~^^
  File ""C:\Users\J SRIHARI\AppData\Local\Programs\Python\Python314\Lib\http\client.py"", line 1333, in endheaders
    self._send_output(message_body, encode_chunked=encode_chunked)
    ~~~~~~~~~~~~~~~~~^^^^^^^^^^^^^^^^^^^^^^^^^^^^^^^^^^^^^^^^^^^^^
  File ""C:\Users\J SRIHARI\AppData\Local\Programs\Python\Python314\Lib\http\client.py"", line 1093, in _send_output
    self.send(msg)
    ~~~~~~~~~^^^^^
  File ""C:\Users\J SRIHARI\AppData\Local\Programs\Python\Python314\Lib\http\client.py"", line 1037, in send
    self.connect()
    ~~~~~~~~~~~~^^
  File ""C:\Users\J SRIHARI\AppData\Local\Programs\Python\Python314\Lib\site-packages\urllib3\connection.py"", line 331, in connect
    self.sock = self._new_conn()
                ~~~~~~~~~~~~~~^^
  File ""C:\Users\J SRIHARI\AppData\Local\Programs\Python\Python314\Lib\site-packages\urllib3\connection.py"", line 211, in _new_conn
    raise NameResolutionError(self.host, self, e) from e
urllib3.exceptions.NameResolutionError: HTTPConnection(host='invalid-payment-api.com', port=80): Failed to resolve 'invalid-payment-api.com' ([Errno 11001] getaddrinfo failed)

The above exception was the direct cause of the following exception:

Traceback (most recent call last):
  File ""C:\Users\J SRIHARI\AppData\Local\Programs\Python\Python314\Lib\site-packages\requests\adapters.py"", line 645, in send
    resp = conn.urlopen(
        method=request.method,
    ...<9 lines>...
        chunked=chunked,
    )
  File ""C:\Users\J SRIHARI\AppData\Local\Programs\Python\Python314\Lib\site-packages\urllib3\connectionpool.py"", line 841, in urlopen
    retries = retries.increment(
        method, url, error=new_e, _pool=self, _stacktrace=sys.exc_info()[2]
    )
  File ""C:\Users\J SRIHARI\AppData\Local\Programs\Python\Python314\Lib\site-packages\urllib3\util\retry.py"", line 535, in increment
    raise MaxRetryError(_pool, url, reason) from reason  # type: ignore[arg-type]
    ^^^^^^^^^^^^^^^^^^^^^^^^^^^^^^^^^^^^^^^^^^^^^^^^^^^
urllib3.exceptions.MaxRetryError: HTTPConnectionPool(host='invalid-payment-api.com', port=80): Max retries exceeded with url: / (Caused by NameResolutionError(""HTTPConnection(host='invalid-payment-api.com', port=80): Failed to resolve 'invalid-payment-api.com' ([Errno 11001] getaddrinfo failed)""))

During handling of the above exception, another exception occurred:

Traceback (most recent call last):
  File ""C:\failure_learning_system\monitored_apps\payment.py"", line 3, in <module>
    requests.get(""http://invalid-payment-api.com"")
    ~~~~~~~~~~~~^^^^^^^^^^^^^^^^^^^^^^^^^^^^^^^^^^
  File ""C:\Users\J SRIHARI\AppData\Local\Programs\Python\Python314\Lib\site-packages\requests\api.py"", line 73, in get
    return request(""get"", url, params=params, **kwargs)
  File ""C:\Users\J SRIHARI\AppData\Local\Programs\Python\Python314\Lib\site-packages\requests\api.py"", line 59, in request
    return session.request(method=method, url=url, **kwargs)
           ~~~~~~~~~~~~~~~^^^^^^^^^^^^^^^^^^^^^^^^^^^^^^^^^^
  File ""C:\Users\J SRIHARI\AppData\Local\Programs\Python\Python314\Lib\site-packages\requests\sessions.py"", line 592, in request
    resp = self.send(prep, **send_kwargs)
  File ""C:\Users\J SRIHARI\AppData\Local\Programs\Python\Python314\Lib\site-packages\requests\sessions.py"", line 706, in send
    r = adapter.send(request, **kwargs)
  File ""C:\Users\J SRIHARI\AppData\Local\Programs\Python\Python314\Lib\site-packages\requests\adapters.py"", line 678, in send
    raise ConnectionError(e, request=request)
requests.exceptions.ConnectionError: HTTPConnectionPool(host='invalid-payment-api.com', port=80): Max retries exceeded with url: / (Caused by NameResolutionError(""HTTPConnection(host='invalid-payment-api.com', port=80): Failed to resolve 'invalid-payment-api.com' ([Errno 11001] getaddrinfo failed)""))
",Python Runtime,LOW,API Failure,Check API endpoint and authentication,90
97,"Traceback (most recent call last):
  File ""C:\failure_learning_system\monitored_apps\backend.py"", line 3, in <module>
    print(numbers[11])
          ~~~~~~~^^^^
IndexError: list index out of range
",Python Runtime,LOW,Runtime Exception,Check application logic and traceback,70
98,"Traceback (most recent call last):
  File ""C:\failure_learning_system\monitored_apps\sample.py"", line 4, in <module>
    print(x / y)
          ~~^~~
ZeroDivisionError: division by zero
",Python Runtime,MEDIUM,Mathematical Runtime Exception,Check denominator before division,92
99,"Traceback (most recent call last):
  File ""C:\failure_learning_system\monitored_apps\api.py"", line 3, in <module>
    print(data[""name""])
          ~~~~^^^^^^^^
KeyError: 'name'
",Python Runtime,LOW,API Failure,Check API endpoint and authentication,90
100,"Traceback (most recent call last):
  File ""C:\Users\J SRIHARI\AppData\Local\Programs\Python\Python314\Lib\site-packages\urllib3\connection.py"", line 204, in _new_conn
    sock = connection.create_connection(
        (self._dns_host, self.port),
    ...<2 lines>...
        socket_options=self.socket_options,
    )
  File ""C:\Users\J SRIHARI\AppData\Local\Programs\Python\Python314\Lib\site-packages\urllib3\util\connection.py"", line 60, in create_connection
    for res in socket.getaddrinfo(host, port, family, socket.SOCK_STREAM):
               ~~~~~~~~~~~~~~~~~~^^^^^^^^^^^^^^^^^^^^^^^^^^^^^^^^^^^^^^^^
  File ""C:\Users\J SRIHARI\AppData\Local\Programs\Python\Python314\Lib\socket.py"", line 983, in getaddrinfo
    for res in _socket.getaddrinfo(host, port, family, type, proto, flags):
               ~~~~~~~~~~~~~~~~~~~^^^^^^^^^^^^^^^^^^^^^^^^^^^^^^^^^^^^^^^^
socket.gaierror: [Errno 11001] getaddrinfo failed

The above exception was the direct cause of the following exception:

Traceback (most recent call last):
  File ""C:\Users\J SRIHARI\AppData\Local\Programs\Python\Python314\Lib\site-packages\urllib3\connectionpool.py"", line 787, in urlopen
    response = self._make_request(
        conn,
    ...<10 lines>...
        **response_kw,
    )
  File ""C:\Users\J SRIHARI\AppData\Local\Programs\Python\Python314\Lib\site-packages\urllib3\connectionpool.py"", line 493, in _make_request
    conn.request(
    ~~~~~~~~~~~~^
        method,
        ^^^^^^^
    ...<6 lines>...
        enforce_content_length=enforce_content_length,
        ^^^^^^^^^^^^^^^^^^^^^^^^^^^^^^^^^^^^^^^^^^^^^^
    )
    ^
  File ""C:\Users\J SRIHARI\AppData\Local\Programs\Python\Python314\Lib\site-packages\urllib3\connection.py"", line 500, in request
    self.endheaders()
    ~~~~~~~~~~~~~~~^^
  File ""C:\Users\J SRIHARI\AppData\Local\Programs\Python\Python314\Lib\http\client.py"", line 1333, in endheaders
    self._send_output(message_body, encode_chunked=encode_chunked)
    ~~~~~~~~~~~~~~~~~^^^^^^^^^^^^^^^^^^^^^^^^^^^^^^^^^^^^^^^^^^^^^
  File ""C:\Users\J SRIHARI\AppData\Local\Programs\Python\Python314\Lib\http\client.py"", line 1093, in _send_output
    self.send(msg)
    ~~~~~~~~~^^^^^
  File ""C:\Users\J SRIHARI\AppData\Local\Programs\Python\Python314\Lib\http\client.py"", line 1037, in send
    self.connect()
    ~~~~~~~~~~~~^^
  File ""C:\Users\J SRIHARI\AppData\Local\Programs\Python\Python314\Lib\site-packages\urllib3\connection.py"", line 331, in connect
    self.sock = self._new_conn()
                ~~~~~~~~~~~~~~^^
  File ""C:\Users\J SRIHARI\AppData\Local\Programs\Python\Python314\Lib\site-packages\urllib3\connection.py"", line 211, in _new_conn
    raise NameResolutionError(self.host, self, e) from e
urllib3.exceptions.NameResolutionError: HTTPConnection(host='invalid-payment-api.com', port=80): Failed to resolve 'invalid-payment-api.com' ([Errno 11001] getaddrinfo failed)

The above exception was the direct cause of the following exception:

Traceback (most recent call last):
  File ""C:\Users\J SRIHARI\AppData\Local\Programs\Python\Python314\Lib\site-packages\requests\adapters.py"", line 645, in send
    resp = conn.urlopen(
        method=request.method,
    ...<9 lines>...
        chunked=chunked,
    )
  File ""C:\Users\J SRIHARI\AppData\Local\Programs\Python\Python314\Lib\site-packages\urllib3\connectionpool.py"", line 841, in urlopen
    retries = retries.increment(
        method, url, error=new_e, _pool=self, _stacktrace=sys.exc_info()[2]
    )
  File ""C:\Users\J SRIHARI\AppData\Local\Programs\Python\Python314\Lib\site-packages\urllib3\util\retry.py"", line 535, in increment
    raise MaxRetryError(_pool, url, reason) from reason  # type: ignore[arg-type]
    ^^^^^^^^^^^^^^^^^^^^^^^^^^^^^^^^^^^^^^^^^^^^^^^^^^^
urllib3.exceptions.MaxRetryError: HTTPConnectionPool(host='invalid-payment-api.com', port=80): Max retries exceeded with url: / (Caused by NameResolutionError(""HTTPConnection(host='invalid-payment-api.com', port=80): Failed to resolve 'invalid-payment-api.com' ([Errno 11001] getaddrinfo failed)""))

During handling of the above exception, another exception occurred:

Traceback (most recent call last):
  File ""C:\failure_learning_system\monitored_apps\payment.py"", line 3, in <module>
    requests.get(""http://invalid-payment-api.com"")
    ~~~~~~~~~~~~^^^^^^^^^^^^^^^^^^^^^^^^^^^^^^^^^^
  File ""C:\Users\J SRIHARI\AppData\Local\Programs\Python\Python314\Lib\site-packages\requests\api.py"", line 73, in get
    return request(""get"", url, params=params, **kwargs)
  File ""C:\Users\J SRIHARI\AppData\Local\Programs\Python\Python314\Lib\site-packages\requests\api.py"", line 59, in request
    return session.request(method=method, url=url, **kwargs)
           ~~~~~~~~~~~~~~~^^^^^^^^^^^^^^^^^^^^^^^^^^^^^^^^^^
  File ""C:\Users\J SRIHARI\AppData\Local\Programs\Python\Python314\Lib\site-packages\requests\sessions.py"", line 592, in request
    resp = self.send(prep, **send_kwargs)
  File ""C:\Users\J SRIHARI\AppData\Local\Programs\Python\Python314\Lib\site-packages\requests\sessions.py"", line 706, in send
    r = adapter.send(request, **kwargs)
  File ""C:\Users\J SRIHARI\AppData\Local\Programs\Python\Python314\Lib\site-packages\requests\adapters.py"", line 678, in send
    raise ConnectionError(e, request=request)
requests.exceptions.ConnectionError: HTTPConnectionPool(host='invalid-payment-api.com', port=80): Max retries exceeded with url: / (Caused by NameResolutionError(""HTTPConnection(host='invalid-payment-api.com', port=80): Failed to resolve 'invalid-payment-api.com' ([Errno 11001] getaddrinfo failed)""))
",Python Runtime,LOW,API Failure,Check API endpoint and authentication,90
101,"Traceback (most recent call last):
  File ""C:\failure_learning_system\monitored_apps\backend.py"", line 3, in <module>
    print(numbers[11])
          ~~~~~~~^^^^
IndexError: list index out of range
",Python Runtime,LOW,Runtime Exception,Check application logic and traceback,70
102,"Traceback (most recent call last):
  File ""C:\failure_learning_system\monitored_apps\sample.py"", line 4, in <module>
    print(x / y)
          ~~^~~
ZeroDivisionError: division by zero
",Python Runtime,MEDIUM,Mathematical Runtime Exception,Check denominator before division,92
103,"Traceback (most recent call last):
  File ""C:\failure_learning_system\monitored_apps\api.py"", line 3, in <module>
    print(data[""name""])
          ~~~~^^^^^^^^
KeyError: 'name'
",Python Runtime,LOW,API Failure,Check API endpoint and authentication,90
104,"Traceback (most recent call last):
  File ""C:\Users\J SRIHARI\AppData\Local\Programs\Python\Python314\Lib\site-packages\urllib3\connection.py"", line 204, in _new_conn
    sock = connection.create_connection(
        (self._dns_host, self.port),
    ...<2 lines>...
        socket_options=self.socket_options,
    )
  File ""C:\Users\J SRIHARI\AppData\Local\Programs\Python\Python314\Lib\site-packages\urllib3\util\connection.py"", line 60, in create_connection
    for res in socket.getaddrinfo(host, port, family, socket.SOCK_STREAM):
               ~~~~~~~~~~~~~~~~~~^^^^^^^^^^^^^^^^^^^^^^^^^^^^^^^^^^^^^^^^
  File ""C:\Users\J SRIHARI\AppData\Local\Programs\Python\Python314\Lib\socket.py"", line 983, in getaddrinfo
    for res in _socket.getaddrinfo(host, port, family, type, proto, flags):
               ~~~~~~~~~~~~~~~~~~~^^^^^^^^^^^^^^^^^^^^^^^^^^^^^^^^^^^^^^^^
socket.gaierror: [Errno 11001] getaddrinfo failed

The above exception was the direct cause of the following exception:

Traceback (most recent call last):
  File ""C:\Users\J SRIHARI\AppData\Local\Programs\Python\Python314\Lib\site-packages\urllib3\connectionpool.py"", line 787, in urlopen
    response = self._make_request(
        conn,
    ...<10 lines>...
        **response_kw,
    )
  File ""C:\Users\J SRIHARI\AppData\Local\Programs\Python\Python314\Lib\site-packages\urllib3\connectionpool.py"", line 493, in _make_request
    conn.request(
    ~~~~~~~~~~~~^
        method,
        ^^^^^^^
    ...<6 lines>...
        enforce_content_length=enforce_content_length,
        ^^^^^^^^^^^^^^^^^^^^^^^^^^^^^^^^^^^^^^^^^^^^^^
    )
    ^
  File ""C:\Users\J SRIHARI\AppData\Local\Programs\Python\Python314\Lib\site-packages\urllib3\connection.py"", line 500, in request
    self.endheaders()
    ~~~~~~~~~~~~~~~^^
  File ""C:\Users\J SRIHARI\AppData\Local\Programs\Python\Python314\Lib\http\client.py"", line 1333, in endheaders
    self._send_output(message_body, encode_chunked=encode_chunked)
    ~~~~~~~~~~~~~~~~~^^^^^^^^^^^^^^^^^^^^^^^^^^^^^^^^^^^^^^^^^^^^^
  File ""C:\Users\J SRIHARI\AppData\Local\Programs\Python\Python314\Lib\http\client.py"", line 1093, in _send_output
    self.send(msg)
    ~~~~~~~~~^^^^^
  File ""C:\Users\J SRIHARI\AppData\Local\Programs\Python\Python314\Lib\http\client.py"", line 1037, in send
    self.connect()
    ~~~~~~~~~~~~^^
  File ""C:\Users\J SRIHARI\AppData\Local\Programs\Python\Python314\Lib\site-packages\urllib3\connection.py"", line 331, in connect
    self.sock = self._new_conn()
                ~~~~~~~~~~~~~~^^
  File ""C:\Users\J SRIHARI\AppData\Local\Programs\Python\Python314\Lib\site-packages\urllib3\connection.py"", line 211, in _new_conn
    raise NameResolutionError(self.host, self, e) from e
urllib3.exceptions.NameResolutionError: HTTPConnection(host='invalid-payment-api.com', port=80): Failed to resolve 'invalid-payment-api.com' ([Errno 11001] getaddrinfo failed)

The above exception was the direct cause of the following exception:

Traceback (most recent call last):
  File ""C:\Users\J SRIHARI\AppData\Local\Programs\Python\Python314\Lib\site-packages\requests\adapters.py"", line 645, in send
    resp = conn.urlopen(
        method=request.method,
    ...<9 lines>...
        chunked=chunked,
    )
  File ""C:\Users\J SRIHARI\AppData\Local\Programs\Python\Python314\Lib\site-packages\urllib3\connectionpool.py"", line 841, in urlopen
    retries = retries.increment(
        method, url, error=new_e, _pool=self, _stacktrace=sys.exc_info()[2]
    )
  File ""C:\Users\J SRIHARI\AppData\Local\Programs\Python\Python314\Lib\site-packages\urllib3\util\retry.py"", line 535, in increment
    raise MaxRetryError(_pool, url, reason) from reason  # type: ignore[arg-type]
    ^^^^^^^^^^^^^^^^^^^^^^^^^^^^^^^^^^^^^^^^^^^^^^^^^^^
urllib3.exceptions.MaxRetryError: HTTPConnectionPool(host='invalid-payment-api.com', port=80): Max retries exceeded with url: / (Caused by NameResolutionError(""HTTPConnection(host='invalid-payment-api.com', port=80): Failed to resolve 'invalid-payment-api.com' ([Errno 11001] getaddrinfo failed)""))

During handling of the above exception, another exception occurred:

Traceback (most recent call last):
  File ""C:\failure_learning_system\monitored_apps\payment.py"", line 3, in <module>
    requests.get(""http://invalid-payment-api.com"")
    ~~~~~~~~~~~~^^^^^^^^^^^^^^^^^^^^^^^^^^^^^^^^^^
  File ""C:\Users\J SRIHARI\AppData\Local\Programs\Python\Python314\Lib\site-packages\requests\api.py"", line 73, in get
    return request(""get"", url, params=params, **kwargs)
  File ""C:\Users\J SRIHARI\AppData\Local\Programs\Python\Python314\Lib\site-packages\requests\api.py"", line 59, in request
    return session.request(method=method, url=url, **kwargs)
           ~~~~~~~~~~~~~~~^^^^^^^^^^^^^^^^^^^^^^^^^^^^^^^^^^
  File ""C:\Users\J SRIHARI\AppData\Local\Programs\Python\Python314\Lib\site-packages\requests\sessions.py"", line 592, in request
    resp = self.send(prep, **send_kwargs)
  File ""C:\Users\J SRIHARI\AppData\Local\Programs\Python\Python314\Lib\site-packages\requests\sessions.py"", line 706, in send
    r = adapter.send(request, **kwargs)
  File ""C:\Users\J SRIHARI\AppData\Local\Programs\Python\Python314\Lib\site-packages\requests\adapters.py"", line 678, in send
    raise ConnectionError(e, request=request)
requests.exceptions.ConnectionError: HTTPConnectionPool(host='invalid-payment-api.com', port=80): Max retries exceeded with url: / (Caused by NameResolutionError(""HTTPConnection(host='invalid-payment-api.com', port=80): Failed to resolve 'invalid-payment-api.com' ([Errno 11001] getaddrinfo failed)""))
",Python Runtime,LOW,API Failure,Check API endpoint and authentication,90
105,"Traceback (most recent call last):
  File ""C:\failure_learning_system\monitored_apps\backend.py"", line 3, in <module>
    print(numbers[11])
          ~~~~~~~^^^^
IndexError: list index out of range
",Python Runtime,LOW,Runtime Exception,Check application logic and traceback,70
106,"Traceback (most recent call last):
  File ""C:\failure_learning_system\monitored_apps\sample.py"", line 4, in <module>
    print(x / y)
          ~~^~~
ZeroDivisionError: division by zero
",Python Runtime,MEDIUM,Mathematical Runtime Exception,Check denominator before division,92
107,"Traceback (most recent call last):
  File ""C:\failure_learning_system\monitored_apps\api.py"", line 3, in <module>
    print(data[""name""])
          ~~~~^^^^^^^^
KeyError: 'name'
",Python Runtime,LOW,API Failure,Check API endpoint and authentication,90
108,"Traceback (most recent call last):
  File ""C:\Users\J SRIHARI\AppData\Local\Programs\Python\Python314\Lib\site-packages\urllib3\connection.py"", line 204, in _new_conn
    sock = connection.create_connection(
        (self._dns_host, self.port),
    ...<2 lines>...
        socket_options=self.socket_options,
    )
  File ""C:\Users\J SRIHARI\AppData\Local\Programs\Python\Python314\Lib\site-packages\urllib3\util\connection.py"", line 60, in create_connection
    for res in socket.getaddrinfo(host, port, family, socket.SOCK_STREAM):
               ~~~~~~~~~~~~~~~~~~^^^^^^^^^^^^^^^^^^^^^^^^^^^^^^^^^^^^^^^^
  File ""C:\Users\J SRIHARI\AppData\Local\Programs\Python\Python314\Lib\socket.py"", line 983, in getaddrinfo
    for res in _socket.getaddrinfo(host, port, family, type, proto, flags):
               ~~~~~~~~~~~~~~~~~~~^^^^^^^^^^^^^^^^^^^^^^^^^^^^^^^^^^^^^^^^
socket.gaierror: [Errno 11001] getaddrinfo failed

The above exception was the direct cause of the following exception:

Traceback (most recent call last):
  File ""C:\Users\J SRIHARI\AppData\Local\Programs\Python\Python314\Lib\site-packages\urllib3\connectionpool.py"", line 787, in urlopen
    response = self._make_request(
        conn,
    ...<10 lines>...
        **response_kw,
    )
  File ""C:\Users\J SRIHARI\AppData\Local\Programs\Python\Python314\Lib\site-packages\urllib3\connectionpool.py"", line 493, in _make_request
    conn.request(
    ~~~~~~~~~~~~^
        method,
        ^^^^^^^
    ...<6 lines>...
        enforce_content_length=enforce_content_length,
        ^^^^^^^^^^^^^^^^^^^^^^^^^^^^^^^^^^^^^^^^^^^^^^
    )
    ^
  File ""C:\Users\J SRIHARI\AppData\Local\Programs\Python\Python314\Lib\site-packages\urllib3\connection.py"", line 500, in request
    self.endheaders()
    ~~~~~~~~~~~~~~~^^
  File ""C:\Users\J SRIHARI\AppData\Local\Programs\Python\Python314\Lib\http\client.py"", line 1333, in endheaders
    self._send_output(message_body, encode_chunked=encode_chunked)
    ~~~~~~~~~~~~~~~~~^^^^^^^^^^^^^^^^^^^^^^^^^^^^^^^^^^^^^^^^^^^^^
  File ""C:\Users\J SRIHARI\AppData\Local\Programs\Python\Python314\Lib\http\client.py"", line 1093, in _send_output
    self.send(msg)
    ~~~~~~~~~^^^^^
  File ""C:\Users\J SRIHARI\AppData\Local\Programs\Python\Python314\Lib\http\client.py"", line 1037, in send
    self.connect()
    ~~~~~~~~~~~~^^
  File ""C:\Users\J SRIHARI\AppData\Local\Programs\Python\Python314\Lib\site-packages\urllib3\connection.py"", line 331, in connect
    self.sock = self._new_conn()
                ~~~~~~~~~~~~~~^^
  File ""C:\Users\J SRIHARI\AppData\Local\Programs\Python\Python314\Lib\site-packages\urllib3\connection.py"", line 211, in _new_conn
    raise NameResolutionError(self.host, self, e) from e
urllib3.exceptions.NameResolutionError: HTTPConnection(host='invalid-payment-api.com', port=80): Failed to resolve 'invalid-payment-api.com' ([Errno 11001] getaddrinfo failed)

The above exception was the direct cause of the following exception:

Traceback (most recent call last):
  File ""C:\Users\J SRIHARI\AppData\Local\Programs\Python\Python314\Lib\site-packages\requests\adapters.py"", line 645, in send
    resp = conn.urlopen(
        method=request.method,
    ...<9 lines>...
        chunked=chunked,
    )
  File ""C:\Users\J SRIHARI\AppData\Local\Programs\Python\Python314\Lib\site-packages\urllib3\connectionpool.py"", line 841, in urlopen
    retries = retries.increment(
        method, url, error=new_e, _pool=self, _stacktrace=sys.exc_info()[2]
    )
  File ""C:\Users\J SRIHARI\AppData\Local\Programs\Python\Python314\Lib\site-packages\urllib3\util\retry.py"", line 535, in increment
    raise MaxRetryError(_pool, url, reason) from reason  # type: ignore[arg-type]
    ^^^^^^^^^^^^^^^^^^^^^^^^^^^^^^^^^^^^^^^^^^^^^^^^^^^
urllib3.exceptions.MaxRetryError: HTTPConnectionPool(host='invalid-payment-api.com', port=80): Max retries exceeded with url: / (Caused by NameResolutionError(""HTTPConnection(host='invalid-payment-api.com', port=80): Failed to resolve 'invalid-payment-api.com' ([Errno 11001] getaddrinfo failed)""))

During handling of the above exception, another exception occurred:

Traceback (most recent call last):
  File ""C:\failure_learning_system\monitored_apps\payment.py"", line 3, in <module>
    requests.get(""http://invalid-payment-api.com"")
    ~~~~~~~~~~~~^^^^^^^^^^^^^^^^^^^^^^^^^^^^^^^^^^
  File ""C:\Users\J SRIHARI\AppData\Local\Programs\Python\Python314\Lib\site-packages\requests\api.py"", line 73, in get
    return request(""get"", url, params=params, **kwargs)
  File ""C:\Users\J SRIHARI\AppData\Local\Programs\Python\Python314\Lib\site-packages\requests\api.py"", line 59, in request
    return session.request(method=method, url=url, **kwargs)
           ~~~~~~~~~~~~~~~^^^^^^^^^^^^^^^^^^^^^^^^^^^^^^^^^^
  File ""C:\Users\J SRIHARI\AppData\Local\Programs\Python\Python314\Lib\site-packages\requests\sessions.py"", line 592, in request
    resp = self.send(prep, **send_kwargs)
  File ""C:\Users\J SRIHARI\AppData\Local\Programs\Python\Python314\Lib\site-packages\requests\sessions.py"", line 706, in send
    r = adapter.send(request, **kwargs)
  File ""C:\Users\J SRIHARI\AppData\Local\Programs\Python\Python314\Lib\site-packages\requests\adapters.py"", line 678, in send
    raise ConnectionError(e, request=request)
requests.exceptions.ConnectionError: HTTPConnectionPool(host='invalid-payment-api.com', port=80): Max retries exceeded with url: / (Caused by NameResolutionError(""HTTPConnection(host='invalid-payment-api.com', port=80): Failed to resolve 'invalid-payment-api.com' ([Errno 11001] getaddrinfo failed)""))
",Python Runtime,LOW,API Failure,Check API endpoint and authentication,90
109,"Traceback (most recent call last):
  File ""C:\failure_learning_system\monitored_apps\backend.py"", line 3, in <module>
    print(numbers[11])
          ~~~~~~~^^^^
IndexError: list index out of range
",Python Runtime,LOW,Runtime Exception,Check application logic and traceback,70
110,"Traceback (most recent call last):
  File ""C:\failure_learning_system\monitored_apps\sample.py"", line 4, in <module>
    print(x / y)
          ~~^~~
ZeroDivisionError: division by zero
",Python Runtime,MEDIUM,Mathematical Runtime Exception,Check denominator before division,92
111,"Traceback (most recent call last):
  File ""C:\failure_learning_system\monitored_apps\api.py"", line 3, in <module>
    print(data[""name""])
          ~~~~^^^^^^^^
KeyError: 'name'
",Python Runtime,LOW,API Failure,Check API endpoint and authentication,90
112,"Traceback (most recent call last):
  File ""C:\Users\J SRIHARI\AppData\Local\Programs\Python\Python314\Lib\site-packages\urllib3\connection.py"", line 204, in _new_conn
    sock = connection.create_connection(
        (self._dns_host, self.port),
    ...<2 lines>...
        socket_options=self.socket_options,
    )
  File ""C:\Users\J SRIHARI\AppData\Local\Programs\Python\Python314\Lib\site-packages\urllib3\util\connection.py"", line 60, in create_connection
    for res in socket.getaddrinfo(host, port, family, socket.SOCK_STREAM):
               ~~~~~~~~~~~~~~~~~~^^^^^^^^^^^^^^^^^^^^^^^^^^^^^^^^^^^^^^^^
  File ""C:\Users\J SRIHARI\AppData\Local\Programs\Python\Python314\Lib\socket.py"", line 983, in getaddrinfo
    for res in _socket.getaddrinfo(host, port, family, type, proto, flags):
               ~~~~~~~~~~~~~~~~~~~^^^^^^^^^^^^^^^^^^^^^^^^^^^^^^^^^^^^^^^^
socket.gaierror: [Errno 11001] getaddrinfo failed

The above exception was the direct cause of the following exception:

Traceback (most recent call last):
  File ""C:\Users\J SRIHARI\AppData\Local\Programs\Python\Python314\Lib\site-packages\urllib3\connectionpool.py"", line 787, in urlopen
    response = self._make_request(
        conn,
    ...<10 lines>...
        **response_kw,
    )
  File ""C:\Users\J SRIHARI\AppData\Local\Programs\Python\Python314\Lib\site-packages\urllib3\connectionpool.py"", line 493, in _make_request
    conn.request(
    ~~~~~~~~~~~~^
        method,
        ^^^^^^^
    ...<6 lines>...
        enforce_content_length=enforce_content_length,
        ^^^^^^^^^^^^^^^^^^^^^^^^^^^^^^^^^^^^^^^^^^^^^^
    )
    ^
  File ""C:\Users\J SRIHARI\AppData\Local\Programs\Python\Python314\Lib\site-packages\urllib3\connection.py"", line 500, in request
    self.endheaders()
    ~~~~~~~~~~~~~~~^^
  File ""C:\Users\J SRIHARI\AppData\Local\Programs\Python\Python314\Lib\http\client.py"", line 1333, in endheaders
    self._send_output(message_body, encode_chunked=encode_chunked)
    ~~~~~~~~~~~~~~~~~^^^^^^^^^^^^^^^^^^^^^^^^^^^^^^^^^^^^^^^^^^^^^
  File ""C:\Users\J SRIHARI\AppData\Local\Programs\Python\Python314\Lib\http\client.py"", line 1093, in _send_output
    self.send(msg)
    ~~~~~~~~~^^^^^
  File ""C:\Users\J SRIHARI\AppData\Local\Programs\Python\Python314\Lib\http\client.py"", line 1037, in send
    self.connect()
    ~~~~~~~~~~~~^^
  File ""C:\Users\J SRIHARI\AppData\Local\Programs\Python\Python314\Lib\site-packages\urllib3\connection.py"", line 331, in connect
    self.sock = self._new_conn()
                ~~~~~~~~~~~~~~^^
  File ""C:\Users\J SRIHARI\AppData\Local\Programs\Python\Python314\Lib\site-packages\urllib3\connection.py"", line 211, in _new_conn
    raise NameResolutionError(self.host, self, e) from e
urllib3.exceptions.NameResolutionError: HTTPConnection(host='invalid-payment-api.com', port=80): Failed to resolve 'invalid-payment-api.com' ([Errno 11001] getaddrinfo failed)

The above exception was the direct cause of the following exception:

Traceback (most recent call last):
  File ""C:\Users\J SRIHARI\AppData\Local\Programs\Python\Python314\Lib\site-packages\requests\adapters.py"", line 645, in send
    resp = conn.urlopen(
        method=request.method,
    ...<9 lines>...
        chunked=chunked,
    )
  File ""C:\Users\J SRIHARI\AppData\Local\Programs\Python\Python314\Lib\site-packages\urllib3\connectionpool.py"", line 841, in urlopen
    retries = retries.increment(
        method, url, error=new_e, _pool=self, _stacktrace=sys.exc_info()[2]
    )
  File ""C:\Users\J SRIHARI\AppData\Local\Programs\Python\Python314\Lib\site-packages\urllib3\util\retry.py"", line 535, in increment
    raise MaxRetryError(_pool, url, reason) from reason  # type: ignore[arg-type]
    ^^^^^^^^^^^^^^^^^^^^^^^^^^^^^^^^^^^^^^^^^^^^^^^^^^^
urllib3.exceptions.MaxRetryError: HTTPConnectionPool(host='invalid-payment-api.com', port=80): Max retries exceeded with url: / (Caused by NameResolutionError(""HTTPConnection(host='invalid-payment-api.com', port=80): Failed to resolve 'invalid-payment-api.com' ([Errno 11001] getaddrinfo failed)""))

During handling of the above exception, another exception occurred:

Traceback (most recent call last):
  File ""C:\failure_learning_system\monitored_apps\payment.py"", line 3, in <module>
    requests.get(""http://invalid-payment-api.com"")
    ~~~~~~~~~~~~^^^^^^^^^^^^^^^^^^^^^^^^^^^^^^^^^^
  File ""C:\Users\J SRIHARI\AppData\Local\Programs\Python\Python314\Lib\site-packages\requests\api.py"", line 73, in get
    return request(""get"", url, params=params, **kwargs)
  File ""C:\Users\J SRIHARI\AppData\Local\Programs\Python\Python314\Lib\site-packages\requests\api.py"", line 59, in request
    return session.request(method=method, url=url, **kwargs)
           ~~~~~~~~~~~~~~~^^^^^^^^^^^^^^^^^^^^^^^^^^^^^^^^^^
  File ""C:\Users\J SRIHARI\AppData\Local\Programs\Python\Python314\Lib\site-packages\requests\sessions.py"", line 592, in request
    resp = self.send(prep, **send_kwargs)
  File ""C:\Users\J SRIHARI\AppData\Local\Programs\Python\Python314\Lib\site-packages\requests\sessions.py"", line 706, in send
    r = adapter.send(request, **kwargs)
  File ""C:\Users\J SRIHARI\AppData\Local\Programs\Python\Python314\Lib\site-packages\requests\adapters.py"", line 678, in send
    raise ConnectionError(e, request=request)
requests.exceptions.ConnectionError: HTTPConnectionPool(host='invalid-payment-api.com', port=80): Max retries exceeded with url: / (Caused by NameResolutionError(""HTTPConnection(host='invalid-payment-api.com', port=80): Failed to resolve 'invalid-payment-api.com' ([Errno 11001] getaddrinfo failed)""))
",Python Runtime,LOW,API Failure,Check API endpoint and authentication,90
113,"Traceback (most recent call last):
  File ""C:\failure_learning_system\monitored_apps\backend.py"", line 3, in <module>
    print(numbers[11])
          ~~~~~~~^^^^
IndexError: list index out of range
",Python Runtime,LOW,Runtime Exception,Check application logic and traceback,70
114,"Traceback (most recent call last):
  File ""C:\failure_learning_system\monitored_apps\sample.py"", line 4, in <module>
    print(x / y)
          ~~^~~
ZeroDivisionError: division by zero
",Python Runtime,MEDIUM,Mathematical Runtime Exception,Check denominator before division,92
115,"Traceback (most recent call last):
  File ""C:\failure_learning_system\monitored_apps\api.py"", line 3, in <module>
    print(data[""name""])
          ~~~~^^^^^^^^
KeyError: 'name'
",Python Runtime,LOW,API Failure,Check API endpoint and authentication,90
116,"Traceback (most recent call last):
  File ""C:\Users\J SRIHARI\AppData\Local\Programs\Python\Python314\Lib\site-packages\urllib3\connection.py"", line 204, in _new_conn
    sock = connection.create_connection(
        (self._dns_host, self.port),
    ...<2 lines>...
        socket_options=self.socket_options,
    )
  File ""C:\Users\J SRIHARI\AppData\Local\Programs\Python\Python314\Lib\site-packages\urllib3\util\connection.py"", line 60, in create_connection
    for res in socket.getaddrinfo(host, port, family, socket.SOCK_STREAM):
               ~~~~~~~~~~~~~~~~~~^^^^^^^^^^^^^^^^^^^^^^^^^^^^^^^^^^^^^^^^
  File ""C:\Users\J SRIHARI\AppData\Local\Programs\Python\Python314\Lib\socket.py"", line 983, in getaddrinfo
    for res in _socket.getaddrinfo(host, port, family, type, proto, flags):
               ~~~~~~~~~~~~~~~~~~~^^^^^^^^^^^^^^^^^^^^^^^^^^^^^^^^^^^^^^^^
socket.gaierror: [Errno 11001] getaddrinfo failed

The above exception was the direct cause of the following exception:

Traceback (most recent call last):
  File ""C:\Users\J SRIHARI\AppData\Local\Programs\Python\Python314\Lib\site-packages\urllib3\connectionpool.py"", line 787, in urlopen
    response = self._make_request(
        conn,
    ...<10 lines>...
        **response_kw,
    )
  File ""C:\Users\J SRIHARI\AppData\Local\Programs\Python\Python314\Lib\site-packages\urllib3\connectionpool.py"", line 493, in _make_request
    conn.request(
    ~~~~~~~~~~~~^
        method,
        ^^^^^^^
    ...<6 lines>...
        enforce_content_length=enforce_content_length,
        ^^^^^^^^^^^^^^^^^^^^^^^^^^^^^^^^^^^^^^^^^^^^^^
    )
    ^
  File ""C:\Users\J SRIHARI\AppData\Local\Programs\Python\Python314\Lib\site-packages\urllib3\connection.py"", line 500, in request
    self.endheaders()
    ~~~~~~~~~~~~~~~^^
  File ""C:\Users\J SRIHARI\AppData\Local\Programs\Python\Python314\Lib\http\client.py"", line 1333, in endheaders
    self._send_output(message_body, encode_chunked=encode_chunked)
    ~~~~~~~~~~~~~~~~~^^^^^^^^^^^^^^^^^^^^^^^^^^^^^^^^^^^^^^^^^^^^^
  File ""C:\Users\J SRIHARI\AppData\Local\Programs\Python\Python314\Lib\http\client.py"", line 1093, in _send_output
    self.send(msg)
    ~~~~~~~~~^^^^^
  File ""C:\Users\J SRIHARI\AppData\Local\Programs\Python\Python314\Lib\http\client.py"", line 1037, in send
    self.connect()
    ~~~~~~~~~~~~^^
  File ""C:\Users\J SRIHARI\AppData\Local\Programs\Python\Python314\Lib\site-packages\urllib3\connection.py"", line 331, in connect
    self.sock = self._new_conn()
                ~~~~~~~~~~~~~~^^
  File ""C:\Users\J SRIHARI\AppData\Local\Programs\Python\Python314\Lib\site-packages\urllib3\connection.py"", line 211, in _new_conn
    raise NameResolutionError(self.host, self, e) from e
urllib3.exceptions.NameResolutionError: HTTPConnection(host='invalid-payment-api.com', port=80): Failed to resolve 'invalid-payment-api.com' ([Errno 11001] getaddrinfo failed)

The above exception was the direct cause of the following exception:

Traceback (most recent call last):
  File ""C:\Users\J SRIHARI\AppData\Local\Programs\Python\Python314\Lib\site-packages\requests\adapters.py"", line 645, in send
    resp = conn.urlopen(
        method=request.method,
    ...<9 lines>...
        chunked=chunked,
    )
  File ""C:\Users\J SRIHARI\AppData\Local\Programs\Python\Python314\Lib\site-packages\urllib3\connectionpool.py"", line 841, in urlopen
    retries = retries.increment(
        method, url, error=new_e, _pool=self, _stacktrace=sys.exc_info()[2]
    )
  File ""C:\Users\J SRIHARI\AppData\Local\Programs\Python\Python314\Lib\site-packages\urllib3\util\retry.py"", line 535, in increment
    raise MaxRetryError(_pool, url, reason) from reason  # type: ignore[arg-type]
    ^^^^^^^^^^^^^^^^^^^^^^^^^^^^^^^^^^^^^^^^^^^^^^^^^^^
urllib3.exceptions.MaxRetryError: HTTPConnectionPool(host='invalid-payment-api.com', port=80): Max retries exceeded with url: / (Caused by NameResolutionError(""HTTPConnection(host='invalid-payment-api.com', port=80): Failed to resolve 'invalid-payment-api.com' ([Errno 11001] getaddrinfo failed)""))

During handling of the above exception, another exception occurred:

Traceback (most recent call last):
  File ""C:\failure_learning_system\monitored_apps\payment.py"", line 3, in <module>
    requests.get(""http://invalid-payment-api.com"")
    ~~~~~~~~~~~~^^^^^^^^^^^^^^^^^^^^^^^^^^^^^^^^^^
  File ""C:\Users\J SRIHARI\AppData\Local\Programs\Python\Python314\Lib\site-packages\requests\api.py"", line 73, in get
    return request(""get"", url, params=params, **kwargs)
  File ""C:\Users\J SRIHARI\AppData\Local\Programs\Python\Python314\Lib\site-packages\requests\api.py"", line 59, in request
    return session.request(method=method, url=url, **kwargs)
           ~~~~~~~~~~~~~~~^^^^^^^^^^^^^^^^^^^^^^^^^^^^^^^^^^
  File ""C:\Users\J SRIHARI\AppData\Local\Programs\Python\Python314\Lib\site-packages\requests\sessions.py"", line 592, in request
    resp = self.send(prep, **send_kwargs)
  File ""C:\Users\J SRIHARI\AppData\Local\Programs\Python\Python314\Lib\site-packages\requests\sessions.py"", line 706, in send
    r = adapter.send(request, **kwargs)
  File ""C:\Users\J SRIHARI\AppData\Local\Programs\Python\Python314\Lib\site-packages\requests\adapters.py"", line 678, in send
    raise ConnectionError(e, request=request)
requests.exceptions.ConnectionError: HTTPConnectionPool(host='invalid-payment-api.com', port=80): Max retries exceeded with url: / (Caused by NameResolutionError(""HTTPConnection(host='invalid-payment-api.com', port=80): Failed to resolve 'invalid-payment-api.com' ([Errno 11001] getaddrinfo failed)""))
",Python Runtime,LOW,API Failure,Check API endpoint and authentication,90
117,"Traceback (most recent call last):
  File ""C:\failure_learning_system\monitored_apps\backend.py"", line 3, in <module>
    print(numbers[11])
          ~~~~~~~^^^^
IndexError: list index out of range
",Python Runtime,LOW,Runtime Exception,Check application logic and traceback,70
118,"Traceback (most recent call last):
  File ""C:\failure_learning_system\monitored_apps\sample.py"", line 4, in <module>
    print(x / y)
          ~~^~~
ZeroDivisionError: division by zero
",Python Runtime,MEDIUM,Mathematical Runtime Exception,Check denominator before division,92
119,"Traceback (most recent call last):
  File ""C:\failure_learning_system\monitored_apps\api.py"", line 3, in <module>
    print(data[""name""])
          ~~~~^^^^^^^^
KeyError: 'name'
",Python Runtime,LOW,API Failure,Check API endpoint and authentication,90
120,"Traceback (most recent call last):
  File ""C:\Users\J SRIHARI\AppData\Local\Programs\Python\Python314\Lib\site-packages\urllib3\connection.py"", line 204, in _new_conn
    sock = connection.create_connection(
        (self._dns_host, self.port),
    ...<2 lines>...
        socket_options=self.socket_options,
    )
  File ""C:\Users\J SRIHARI\AppData\Local\Programs\Python\Python314\Lib\site-packages\urllib3\util\connection.py"", line 60, in create_connection
    for res in socket.getaddrinfo(host, port, family, socket.SOCK_STREAM):
               ~~~~~~~~~~~~~~~~~~^^^^^^^^^^^^^^^^^^^^^^^^^^^^^^^^^^^^^^^^
  File ""C:\Users\J SRIHARI\AppData\Local\Programs\Python\Python314\Lib\socket.py"", line 983, in getaddrinfo
    for res in _socket.getaddrinfo(host, port, family, type, proto, flags):
               ~~~~~~~~~~~~~~~~~~~^^^^^^^^^^^^^^^^^^^^^^^^^^^^^^^^^^^^^^^^
socket.gaierror: [Errno 11001] getaddrinfo failed

The above exception was the direct cause of the following exception:

Traceback (most recent call last):
  File ""C:\Users\J SRIHARI\AppData\Local\Programs\Python\Python314\Lib\site-packages\urllib3\connectionpool.py"", line 787, in urlopen
    response = self._make_request(
        conn,
    ...<10 lines>...
        **response_kw,
    )
  File ""C:\Users\J SRIHARI\AppData\Local\Programs\Python\Python314\Lib\site-packages\urllib3\connectionpool.py"", line 493, in _make_request
    conn.request(
    ~~~~~~~~~~~~^
        method,
        ^^^^^^^
    ...<6 lines>...
        enforce_content_length=enforce_content_length,
        ^^^^^^^^^^^^^^^^^^^^^^^^^^^^^^^^^^^^^^^^^^^^^^
    )
    ^
  File ""C:\Users\J SRIHARI\AppData\Local\Programs\Python\Python314\Lib\site-packages\urllib3\connection.py"", line 500, in request
    self.endheaders()
    ~~~~~~~~~~~~~~~^^
  File ""C:\Users\J SRIHARI\AppData\Local\Programs\Python\Python314\Lib\http\client.py"", line 1333, in endheaders
    self._send_output(message_body, encode_chunked=encode_chunked)
    ~~~~~~~~~~~~~~~~~^^^^^^^^^^^^^^^^^^^^^^^^^^^^^^^^^^^^^^^^^^^^^
  File ""C:\Users\J SRIHARI\AppData\Local\Programs\Python\Python314\Lib\http\client.py"", line 1093, in _send_output
    self.send(msg)
    ~~~~~~~~~^^^^^
  File ""C:\Users\J SRIHARI\AppData\Local\Programs\Python\Python314\Lib\http\client.py"", line 1037, in send
    self.connect()
    ~~~~~~~~~~~~^^
  File ""C:\Users\J SRIHARI\AppData\Local\Programs\Python\Python314\Lib\site-packages\urllib3\connection.py"", line 331, in connect
    self.sock = self._new_conn()
                ~~~~~~~~~~~~~~^^
  File ""C:\Users\J SRIHARI\AppData\Local\Programs\Python\Python314\Lib\site-packages\urllib3\connection.py"", line 211, in _new_conn
    raise NameResolutionError(self.host, self, e) from e
urllib3.exceptions.NameResolutionError: HTTPConnection(host='invalid-payment-api.com', port=80): Failed to resolve 'invalid-payment-api.com' ([Errno 11001] getaddrinfo failed)

The above exception was the direct cause of the following exception:

Traceback (most recent call last):
  File ""C:\Users\J SRIHARI\AppData\Local\Programs\Python\Python314\Lib\site-packages\requests\adapters.py"", line 645, in send
    resp = conn.urlopen(
        method=request.method,
    ...<9 lines>...
        chunked=chunked,
    )
  File ""C:\Users\J SRIHARI\AppData\Local\Programs\Python\Python314\Lib\site-packages\urllib3\connectionpool.py"", line 841, in urlopen
    retries = retries.increment(
        method, url, error=new_e, _pool=self, _stacktrace=sys.exc_info()[2]
    )
  File ""C:\Users\J SRIHARI\AppData\Local\Programs\Python\Python314\Lib\site-packages\urllib3\util\retry.py"", line 535, in increment
    raise MaxRetryError(_pool, url, reason) from reason  # type: ignore[arg-type]
    ^^^^^^^^^^^^^^^^^^^^^^^^^^^^^^^^^^^^^^^^^^^^^^^^^^^
urllib3.exceptions.MaxRetryError: HTTPConnectionPool(host='invalid-payment-api.com', port=80): Max retries exceeded with url: / (Caused by NameResolutionError(""HTTPConnection(host='invalid-payment-api.com', port=80): Failed to resolve 'invalid-payment-api.com' ([Errno 11001] getaddrinfo failed)""))

During handling of the above exception, another exception occurred:

Traceback (most recent call last):
  File ""C:\failure_learning_system\monitored_apps\payment.py"", line 3, in <module>
    requests.get(""http://invalid-payment-api.com"")
    ~~~~~~~~~~~~^^^^^^^^^^^^^^^^^^^^^^^^^^^^^^^^^^
  File ""C:\Users\J SRIHARI\AppData\Local\Programs\Python\Python314\Lib\site-packages\requests\api.py"", line 73, in get
    return request(""get"", url, params=params, **kwargs)
  File ""C:\Users\J SRIHARI\AppData\Local\Programs\Python\Python314\Lib\site-packages\requests\api.py"", line 59, in request
    return session.request(method=method, url=url, **kwargs)
           ~~~~~~~~~~~~~~~^^^^^^^^^^^^^^^^^^^^^^^^^^^^^^^^^^
  File ""C:\Users\J SRIHARI\AppData\Local\Programs\Python\Python314\Lib\site-packages\requests\sessions.py"", line 592, in request
    resp = self.send(prep, **send_kwargs)
  File ""C:\Users\J SRIHARI\AppData\Local\Programs\Python\Python314\Lib\site-packages\requests\sessions.py"", line 706, in send
    r = adapter.send(request, **kwargs)
  File ""C:\Users\J SRIHARI\AppData\Local\Programs\Python\Python314\Lib\site-packages\requests\adapters.py"", line 678, in send
    raise ConnectionError(e, request=request)
requests.exceptions.ConnectionError: HTTPConnectionPool(host='invalid-payment-api.com', port=80): Max retries exceeded with url: / (Caused by NameResolutionError(""HTTPConnection(host='invalid-payment-api.com', port=80): Failed to resolve 'invalid-payment-api.com' ([Errno 11001] getaddrinfo failed)""))
",Python Runtime,LOW,API Failure,Check API endpoint and authentication,90
121,"Traceback (most recent call last):
  File ""C:\failure_learning_system\monitored_apps\backend.py"", line 3, in <module>
    print(numbers[11])
          ~~~~~~~^^^^
IndexError: list index out of range
",Python Runtime,LOW,Runtime Exception,Check application logic and traceback,70
122,"Traceback (most recent call last):
  File ""C:\failure_learning_system\monitored_apps\sample.py"", line 4, in <module>
    print(x / y)
          ~~^~~
ZeroDivisionError: division by zero
",Python Runtime,MEDIUM,Mathematical Runtime Exception,Check denominator before division,92
123,"Traceback (most recent call last):
  File ""C:\failure_learning_system\monitored_apps\api.py"", line 3, in <module>
    print(data[""name""])
          ~~~~^^^^^^^^
KeyError: 'name'
",Python Runtime,LOW,API Failure,Check API endpoint and authentication,90
124,"Traceback (most recent call last):
  File ""C:\Users\J SRIHARI\AppData\Local\Programs\Python\Python314\Lib\site-packages\urllib3\connection.py"", line 204, in _new_conn
    sock = connection.create_connection(
        (self._dns_host, self.port),
    ...<2 lines>...
        socket_options=self.socket_options,
    )
  File ""C:\Users\J SRIHARI\AppData\Local\Programs\Python\Python314\Lib\site-packages\urllib3\util\connection.py"", line 60, in create_connection
    for res in socket.getaddrinfo(host, port, family, socket.SOCK_STREAM):
               ~~~~~~~~~~~~~~~~~~^^^^^^^^^^^^^^^^^^^^^^^^^^^^^^^^^^^^^^^^
  File ""C:\Users\J SRIHARI\AppData\Local\Programs\Python\Python314\Lib\socket.py"", line 983, in getaddrinfo
    for res in _socket.getaddrinfo(host, port, family, type, proto, flags):
               ~~~~~~~~~~~~~~~~~~~^^^^^^^^^^^^^^^^^^^^^^^^^^^^^^^^^^^^^^^^
socket.gaierror: [Errno 11001] getaddrinfo failed

The above exception was the direct cause of the following exception:

Traceback (most recent call last):
  File ""C:\Users\J SRIHARI\AppData\Local\Programs\Python\Python314\Lib\site-packages\urllib3\connectionpool.py"", line 787, in urlopen
    response = self._make_request(
        conn,
    ...<10 lines>...
        **response_kw,
    )
  File ""C:\Users\J SRIHARI\AppData\Local\Programs\Python\Python314\Lib\site-packages\urllib3\connectionpool.py"", line 493, in _make_request
    conn.request(
    ~~~~~~~~~~~~^
        method,
        ^^^^^^^
    ...<6 lines>...
        enforce_content_length=enforce_content_length,
        ^^^^^^^^^^^^^^^^^^^^^^^^^^^^^^^^^^^^^^^^^^^^^^
    )
    ^
  File ""C:\Users\J SRIHARI\AppData\Local\Programs\Python\Python314\Lib\site-packages\urllib3\connection.py"", line 500, in request
    self.endheaders()
    ~~~~~~~~~~~~~~~^^
  File ""C:\Users\J SRIHARI\AppData\Local\Programs\Python\Python314\Lib\http\client.py"", line 1333, in endheaders
    self._send_output(message_body, encode_chunked=encode_chunked)
    ~~~~~~~~~~~~~~~~~^^^^^^^^^^^^^^^^^^^^^^^^^^^^^^^^^^^^^^^^^^^^^
  File ""C:\Users\J SRIHARI\AppData\Local\Programs\Python\Python314\Lib\http\client.py"", line 1093, in _send_output
    self.send(msg)
    ~~~~~~~~~^^^^^
  File ""C:\Users\J SRIHARI\AppData\Local\Programs\Python\Python314\Lib\http\client.py"", line 1037, in send
    self.connect()
    ~~~~~~~~~~~~^^
  File ""C:\Users\J SRIHARI\AppData\Local\Programs\Python\Python314\Lib\site-packages\urllib3\connection.py"", line 331, in connect
    self.sock = self._new_conn()
                ~~~~~~~~~~~~~~^^
  File ""C:\Users\J SRIHARI\AppData\Local\Programs\Python\Python314\Lib\site-packages\urllib3\connection.py"", line 211, in _new_conn
    raise NameResolutionError(self.host, self, e) from e
urllib3.exceptions.NameResolutionError: HTTPConnection(host='invalid-payment-api.com', port=80): Failed to resolve 'invalid-payment-api.com' ([Errno 11001] getaddrinfo failed)

The above exception was the direct cause of the following exception:

Traceback (most recent call last):
  File ""C:\Users\J SRIHARI\AppData\Local\Programs\Python\Python314\Lib\site-packages\requests\adapters.py"", line 645, in send
    resp = conn.urlopen(
        method=request.method,
    ...<9 lines>...
        chunked=chunked,
    )
  File ""C:\Users\J SRIHARI\AppData\Local\Programs\Python\Python314\Lib\site-packages\urllib3\connectionpool.py"", line 841, in urlopen
    retries = retries.increment(
        method, url, error=new_e, _pool=self, _stacktrace=sys.exc_info()[2]
    )
  File ""C:\Users\J SRIHARI\AppData\Local\Programs\Python\Python314\Lib\site-packages\urllib3\util\retry.py"", line 535, in increment
    raise MaxRetryError(_pool, url, reason) from reason  # type: ignore[arg-type]
    ^^^^^^^^^^^^^^^^^^^^^^^^^^^^^^^^^^^^^^^^^^^^^^^^^^^
urllib3.exceptions.MaxRetryError: HTTPConnectionPool(host='invalid-payment-api.com', port=80): Max retries exceeded with url: / (Caused by NameResolutionError(""HTTPConnection(host='invalid-payment-api.com', port=80): Failed to resolve 'invalid-payment-api.com' ([Errno 11001] getaddrinfo failed)""))

During handling of the above exception, another exception occurred:

Traceback (most recent call last):
  File ""C:\failure_learning_system\monitored_apps\payment.py"", line 3, in <module>
    requests.get(""http://invalid-payment-api.com"")
    ~~~~~~~~~~~~^^^^^^^^^^^^^^^^^^^^^^^^^^^^^^^^^^
  File ""C:\Users\J SRIHARI\AppData\Local\Programs\Python\Python314\Lib\site-packages\requests\api.py"", line 73, in get
    return request(""get"", url, params=params, **kwargs)
  File ""C:\Users\J SRIHARI\AppData\Local\Programs\Python\Python314\Lib\site-packages\requests\api.py"", line 59, in request
    return session.request(method=method, url=url, **kwargs)
           ~~~~~~~~~~~~~~~^^^^^^^^^^^^^^^^^^^^^^^^^^^^^^^^^^
  File ""C:\Users\J SRIHARI\AppData\Local\Programs\Python\Python314\Lib\site-packages\requests\sessions.py"", line 592, in request
    resp = self.send(prep, **send_kwargs)
  File ""C:\Users\J SRIHARI\AppData\Local\Programs\Python\Python314\Lib\site-packages\requests\sessions.py"", line 706, in send
    r = adapter.send(request, **kwargs)
  File ""C:\Users\J SRIHARI\AppData\Local\Programs\Python\Python314\Lib\site-packages\requests\adapters.py"", line 678, in send
    raise ConnectionError(e, request=request)
requests.exceptions.ConnectionError: HTTPConnectionPool(host='invalid-payment-api.com', port=80): Max retries exceeded with url: / (Caused by NameResolutionError(""HTTPConnection(host='invalid-payment-api.com', port=80): Failed to resolve 'invalid-payment-api.com' ([Errno 11001] getaddrinfo failed)""))
",Python Runtime,LOW,API Failure,Check API endpoint and authentication,90
125,"Traceback (most recent call last):
  File ""C:\failure_learning_system\monitored_apps\backend.py"", line 3, in <module>
    print(numbers[11])
          ~~~~~~~^^^^
IndexError: list index out of range
",Python Runtime,LOW,Runtime Exception,Check application logic and traceback,70
126,"Traceback (most recent call last):
  File ""C:\failure_learning_system\monitored_apps\sample.py"", line 4, in <module>
    print(x / y)
          ~~^~~
ZeroDivisionError: division by zero
",Python Runtime,MEDIUM,Mathematical Runtime Exception,Check denominator before division,92
127,"Traceback (most recent call last):
  File ""C:\failure_learning_system\monitored_apps\api.py"", line 3, in <module>
    print(data[""name""])
          ~~~~^^^^^^^^
KeyError: 'name'
",Python Runtime,LOW,API Failure,Check API endpoint and authentication,90
128,"Traceback (most recent call last):
  File ""C:\Users\J SRIHARI\AppData\Local\Programs\Python\Python314\Lib\site-packages\urllib3\connection.py"", line 204, in _new_conn
    sock = connection.create_connection(
        (self._dns_host, self.port),
    ...<2 lines>...
        socket_options=self.socket_options,
    )
  File ""C:\Users\J SRIHARI\AppData\Local\Programs\Python\Python314\Lib\site-packages\urllib3\util\connection.py"", line 60, in create_connection
    for res in socket.getaddrinfo(host, port, family, socket.SOCK_STREAM):
               ~~~~~~~~~~~~~~~~~~^^^^^^^^^^^^^^^^^^^^^^^^^^^^^^^^^^^^^^^^
  File ""C:\Users\J SRIHARI\AppData\Local\Programs\Python\Python314\Lib\socket.py"", line 983, in getaddrinfo
    for res in _socket.getaddrinfo(host, port, family, type, proto, flags):
               ~~~~~~~~~~~~~~~~~~~^^^^^^^^^^^^^^^^^^^^^^^^^^^^^^^^^^^^^^^^
socket.gaierror: [Errno 11001] getaddrinfo failed

The above exception was the direct cause of the following exception:

Traceback (most recent call last):
  File ""C:\Users\J SRIHARI\AppData\Local\Programs\Python\Python314\Lib\site-packages\urllib3\connectionpool.py"", line 787, in urlopen
    response = self._make_request(
        conn,
    ...<10 lines>...
        **response_kw,
    )
  File ""C:\Users\J SRIHARI\AppData\Local\Programs\Python\Python314\Lib\site-packages\urllib3\connectionpool.py"", line 493, in _make_request
    conn.request(
    ~~~~~~~~~~~~^
        method,
        ^^^^^^^
    ...<6 lines>...
        enforce_content_length=enforce_content_length,
        ^^^^^^^^^^^^^^^^^^^^^^^^^^^^^^^^^^^^^^^^^^^^^^
    )
    ^
  File ""C:\Users\J SRIHARI\AppData\Local\Programs\Python\Python314\Lib\site-packages\urllib3\connection.py"", line 500, in request
    self.endheaders()
    ~~~~~~~~~~~~~~~^^
  File ""C:\Users\J SRIHARI\AppData\Local\Programs\Python\Python314\Lib\http\client.py"", line 1333, in endheaders
    self._send_output(message_body, encode_chunked=encode_chunked)
    ~~~~~~~~~~~~~~~~~^^^^^^^^^^^^^^^^^^^^^^^^^^^^^^^^^^^^^^^^^^^^^
  File ""C:\Users\J SRIHARI\AppData\Local\Programs\Python\Python314\Lib\http\client.py"", line 1093, in _send_output
    self.send(msg)
    ~~~~~~~~~^^^^^
  File ""C:\Users\J SRIHARI\AppData\Local\Programs\Python\Python314\Lib\http\client.py"", line 1037, in send
    self.connect()
    ~~~~~~~~~~~~^^
  File ""C:\Users\J SRIHARI\AppData\Local\Programs\Python\Python314\Lib\site-packages\urllib3\connection.py"", line 331, in connect
    self.sock = self._new_conn()
                ~~~~~~~~~~~~~~^^
  File ""C:\Users\J SRIHARI\AppData\Local\Programs\Python\Python314\Lib\site-packages\urllib3\connection.py"", line 211, in _new_conn
    raise NameResolutionError(self.host, self, e) from e
urllib3.exceptions.NameResolutionError: HTTPConnection(host='invalid-payment-api.com', port=80): Failed to resolve 'invalid-payment-api.com' ([Errno 11001] getaddrinfo failed)

The above exception was the direct cause of the following exception:

Traceback (most recent call last):
  File ""C:\Users\J SRIHARI\AppData\Local\Programs\Python\Python314\Lib\site-packages\requests\adapters.py"", line 645, in send
    resp = conn.urlopen(
        method=request.method,
    ...<9 lines>...
        chunked=chunked,
    )
  File ""C:\Users\J SRIHARI\AppData\Local\Programs\Python\Python314\Lib\site-packages\urllib3\connectionpool.py"", line 841, in urlopen
    retries = retries.increment(
        method, url, error=new_e, _pool=self, _stacktrace=sys.exc_info()[2]
    )
  File ""C:\Users\J SRIHARI\AppData\Local\Programs\Python\Python314\Lib\site-packages\urllib3\util\retry.py"", line 535, in increment
    raise MaxRetryError(_pool, url, reason) from reason  # type: ignore[arg-type]
    ^^^^^^^^^^^^^^^^^^^^^^^^^^^^^^^^^^^^^^^^^^^^^^^^^^^
urllib3.exceptions.MaxRetryError: HTTPConnectionPool(host='invalid-payment-api.com', port=80): Max retries exceeded with url: / (Caused by NameResolutionError(""HTTPConnection(host='invalid-payment-api.com', port=80): Failed to resolve 'invalid-payment-api.com' ([Errno 11001] getaddrinfo failed)""))

During handling of the above exception, another exception occurred:

Traceback (most recent call last):
  File ""C:\failure_learning_system\monitored_apps\payment.py"", line 3, in <module>
    requests.get(""http://invalid-payment-api.com"")
    ~~~~~~~~~~~~^^^^^^^^^^^^^^^^^^^^^^^^^^^^^^^^^^
  File ""C:\Users\J SRIHARI\AppData\Local\Programs\Python\Python314\Lib\site-packages\requests\api.py"", line 73, in get
    return request(""get"", url, params=params, **kwargs)
  File ""C:\Users\J SRIHARI\AppData\Local\Programs\Python\Python314\Lib\site-packages\requests\api.py"", line 59, in request
    return session.request(method=method, url=url, **kwargs)
           ~~~~~~~~~~~~~~~^^^^^^^^^^^^^^^^^^^^^^^^^^^^^^^^^^
  File ""C:\Users\J SRIHARI\AppData\Local\Programs\Python\Python314\Lib\site-packages\requests\sessions.py"", line 592, in request
    resp = self.send(prep, **send_kwargs)
  File ""C:\Users\J SRIHARI\AppData\Local\Programs\Python\Python314\Lib\site-packages\requests\sessions.py"", line 706, in send
    r = adapter.send(request, **kwargs)
  File ""C:\Users\J SRIHARI\AppData\Local\Programs\Python\Python314\Lib\site-packages\requests\adapters.py"", line 678, in send
    raise ConnectionError(e, request=request)
requests.exceptions.ConnectionError: HTTPConnectionPool(host='invalid-payment-api.com', port=80): Max retries exceeded with url: / (Caused by NameResolutionError(""HTTPConnection(host='invalid-payment-api.com', port=80): Failed to resolve 'invalid-payment-api.com' ([Errno 11001] getaddrinfo failed)""))
",Python Runtime,LOW,API Failure,Check API endpoint and authentication,90
129,"Traceback (most recent call last):
  File ""C:\failure_learning_system\monitored_apps\backend.py"", line 3, in <module>
    print(numbers[11])
          ~~~~~~~^^^^
IndexError: list index out of range
",Python Runtime,LOW,Runtime Exception,Check application logic and traceback,70
130,"Traceback (most recent call last):
  File ""C:\failure_learning_system\monitored_apps\sample.py"", line 4, in <module>
    print(x / y)
          ~~^~~
ZeroDivisionError: division by zero
",Python Runtime,MEDIUM,Mathematical Runtime Exception,Check denominator before division,92
131,"Traceback (most recent call last):
  File ""C:\failure_learning_system\monitored_apps\api.py"", line 3, in <module>
    print(data[""name""])
          ~~~~^^^^^^^^
KeyError: 'name'
",Python Runtime,LOW,API Failure,Check API endpoint and authentication,90
132,"Traceback (most recent call last):
  File ""C:\Users\J SRIHARI\AppData\Local\Programs\Python\Python314\Lib\site-packages\urllib3\connection.py"", line 204, in _new_conn
    sock = connection.create_connection(
        (self._dns_host, self.port),
    ...<2 lines>...
        socket_options=self.socket_options,
    )
  File ""C:\Users\J SRIHARI\AppData\Local\Programs\Python\Python314\Lib\site-packages\urllib3\util\connection.py"", line 60, in create_connection
    for res in socket.getaddrinfo(host, port, family, socket.SOCK_STREAM):
               ~~~~~~~~~~~~~~~~~~^^^^^^^^^^^^^^^^^^^^^^^^^^^^^^^^^^^^^^^^
  File ""C:\Users\J SRIHARI\AppData\Local\Programs\Python\Python314\Lib\socket.py"", line 983, in getaddrinfo
    for res in _socket.getaddrinfo(host, port, family, type, proto, flags):
               ~~~~~~~~~~~~~~~~~~~^^^^^^^^^^^^^^^^^^^^^^^^^^^^^^^^^^^^^^^^
socket.gaierror: [Errno 11001] getaddrinfo failed

The above exception was the direct cause of the following exception:

Traceback (most recent call last):
  File ""C:\Users\J SRIHARI\AppData\Local\Programs\Python\Python314\Lib\site-packages\urllib3\connectionpool.py"", line 787, in urlopen
    response = self._make_request(
        conn,
    ...<10 lines>...
        **response_kw,
    )
  File ""C:\Users\J SRIHARI\AppData\Local\Programs\Python\Python314\Lib\site-packages\urllib3\connectionpool.py"", line 493, in _make_request
    conn.request(
    ~~~~~~~~~~~~^
        method,
        ^^^^^^^
    ...<6 lines>...
        enforce_content_length=enforce_content_length,
        ^^^^^^^^^^^^^^^^^^^^^^^^^^^^^^^^^^^^^^^^^^^^^^
    )
    ^
  File ""C:\Users\J SRIHARI\AppData\Local\Programs\Python\Python314\Lib\site-packages\urllib3\connection.py"", line 500, in request
    self.endheaders()
    ~~~~~~~~~~~~~~~^^
  File ""C:\Users\J SRIHARI\AppData\Local\Programs\Python\Python314\Lib\http\client.py"", line 1333, in endheaders
    self._send_output(message_body, encode_chunked=encode_chunked)
    ~~~~~~~~~~~~~~~~~^^^^^^^^^^^^^^^^^^^^^^^^^^^^^^^^^^^^^^^^^^^^^
  File ""C:\Users\J SRIHARI\AppData\Local\Programs\Python\Python314\Lib\http\client.py"", line 1093, in _send_output
    self.send(msg)
    ~~~~~~~~~^^^^^
  File ""C:\Users\J SRIHARI\AppData\Local\Programs\Python\Python314\Lib\http\client.py"", line 1037, in send
    self.connect()
    ~~~~~~~~~~~~^^
  File ""C:\Users\J SRIHARI\AppData\Local\Programs\Python\Python314\Lib\site-packages\urllib3\connection.py"", line 331, in connect
    self.sock = self._new_conn()
                ~~~~~~~~~~~~~~^^
  File ""C:\Users\J SRIHARI\AppData\Local\Programs\Python\Python314\Lib\site-packages\urllib3\connection.py"", line 211, in _new_conn
    raise NameResolutionError(self.host, self, e) from e
urllib3.exceptions.NameResolutionError: HTTPConnection(host='invalid-payment-api.com', port=80): Failed to resolve 'invalid-payment-api.com' ([Errno 11001] getaddrinfo failed)

The above exception was the direct cause of the following exception:

Traceback (most recent call last):
  File ""C:\Users\J SRIHARI\AppData\Local\Programs\Python\Python314\Lib\site-packages\requests\adapters.py"", line 645, in send
    resp = conn.urlopen(
        method=request.method,
    ...<9 lines>...
        chunked=chunked,
    )
  File ""C:\Users\J SRIHARI\AppData\Local\Programs\Python\Python314\Lib\site-packages\urllib3\connectionpool.py"", line 841, in urlopen
    retries = retries.increment(
        method, url, error=new_e, _pool=self, _stacktrace=sys.exc_info()[2]
    )
  File ""C:\Users\J SRIHARI\AppData\Local\Programs\Python\Python314\Lib\site-packages\urllib3\util\retry.py"", line 535, in increment
    raise MaxRetryError(_pool, url, reason) from reason  # type: ignore[arg-type]
    ^^^^^^^^^^^^^^^^^^^^^^^^^^^^^^^^^^^^^^^^^^^^^^^^^^^
urllib3.exceptions.MaxRetryError: HTTPConnectionPool(host='invalid-payment-api.com', port=80): Max retries exceeded with url: / (Caused by NameResolutionError(""HTTPConnection(host='invalid-payment-api.com', port=80): Failed to resolve 'invalid-payment-api.com' ([Errno 11001] getaddrinfo failed)""))

During handling of the above exception, another exception occurred:

Traceback (most recent call last):
  File ""C:\failure_learning_system\monitored_apps\payment.py"", line 3, in <module>
    requests.get(""http://invalid-payment-api.com"")
    ~~~~~~~~~~~~^^^^^^^^^^^^^^^^^^^^^^^^^^^^^^^^^^
  File ""C:\Users\J SRIHARI\AppData\Local\Programs\Python\Python314\Lib\site-packages\requests\api.py"", line 73, in get
    return request(""get"", url, params=params, **kwargs)
  File ""C:\Users\J SRIHARI\AppData\Local\Programs\Python\Python314\Lib\site-packages\requests\api.py"", line 59, in request
    return session.request(method=method, url=url, **kwargs)
           ~~~~~~~~~~~~~~~^^^^^^^^^^^^^^^^^^^^^^^^^^^^^^^^^^
  File ""C:\Users\J SRIHARI\AppData\Local\Programs\Python\Python314\Lib\site-packages\requests\sessions.py"", line 592, in request
    resp = self.send(prep, **send_kwargs)
  File ""C:\Users\J SRIHARI\AppData\Local\Programs\Python\Python314\Lib\site-packages\requests\sessions.py"", line 706, in send
    r = adapter.send(request, **kwargs)
  File ""C:\Users\J SRIHARI\AppData\Local\Programs\Python\Python314\Lib\site-packages\requests\adapters.py"", line 678, in send
    raise ConnectionError(e, request=request)
requests.exceptions.ConnectionError: HTTPConnectionPool(host='invalid-payment-api.com', port=80): Max retries exceeded with url: / (Caused by NameResolutionError(""HTTPConnection(host='invalid-payment-api.com', port=80): Failed to resolve 'invalid-payment-api.com' ([Errno 11001] getaddrinfo failed)""))
",Python Runtime,LOW,API Failure,Check API endpoint and authentication,90
133,"Traceback (most recent call last):
  File ""C:\failure_learning_system\monitored_apps\backend.py"", line 3, in <module>
    print(numbers[11])
          ~~~~~~~^^^^
IndexError: list index out of range
",Python Runtime,LOW,Runtime Exception,Check application logic and traceback,70
134,"Traceback (most recent call last):
  File ""C:\failure_learning_system\monitored_apps\sample.py"", line 4, in <module>
    print(x / y)
          ~~^~~
ZeroDivisionError: division by zero
",Python Runtime,MEDIUM,Mathematical Runtime Exception,Check denominator before division,92
135,"Traceback (most recent call last):
  File ""C:\failure_learning_system\monitored_apps\api.py"", line 3, in <module>
    print(data[""name""])
          ~~~~^^^^^^^^
KeyError: 'name'
",Python Runtime,LOW,API Failure,Check API endpoint and authentication,90
136,"Traceback (most recent call last):
  File ""C:\Users\J SRIHARI\AppData\Local\Programs\Python\Python314\Lib\site-packages\urllib3\connection.py"", line 204, in _new_conn
    sock = connection.create_connection(
        (self._dns_host, self.port),
    ...<2 lines>...
        socket_options=self.socket_options,
    )
  File ""C:\Users\J SRIHARI\AppData\Local\Programs\Python\Python314\Lib\site-packages\urllib3\util\connection.py"", line 60, in create_connection
    for res in socket.getaddrinfo(host, port, family, socket.SOCK_STREAM):
               ~~~~~~~~~~~~~~~~~~^^^^^^^^^^^^^^^^^^^^^^^^^^^^^^^^^^^^^^^^
  File ""C:\Users\J SRIHARI\AppData\Local\Programs\Python\Python314\Lib\socket.py"", line 983, in getaddrinfo
    for res in _socket.getaddrinfo(host, port, family, type, proto, flags):
               ~~~~~~~~~~~~~~~~~~~^^^^^^^^^^^^^^^^^^^^^^^^^^^^^^^^^^^^^^^^
socket.gaierror: [Errno 11001] getaddrinfo failed

The above exception was the direct cause of the following exception:

Traceback (most recent call last):
  File ""C:\Users\J SRIHARI\AppData\Local\Programs\Python\Python314\Lib\site-packages\urllib3\connectionpool.py"", line 787, in urlopen
    response = self._make_request(
        conn,
    ...<10 lines>...
        **response_kw,
    )
  File ""C:\Users\J SRIHARI\AppData\Local\Programs\Python\Python314\Lib\site-packages\urllib3\connectionpool.py"", line 493, in _make_request
    conn.request(
    ~~~~~~~~~~~~^
        method,
        ^^^^^^^
    ...<6 lines>...
        enforce_content_length=enforce_content_length,
        ^^^^^^^^^^^^^^^^^^^^^^^^^^^^^^^^^^^^^^^^^^^^^^
    )
    ^
  File ""C:\Users\J SRIHARI\AppData\Local\Programs\Python\Python314\Lib\site-packages\urllib3\connection.py"", line 500, in request
    self.endheaders()
    ~~~~~~~~~~~~~~~^^
  File ""C:\Users\J SRIHARI\AppData\Local\Programs\Python\Python314\Lib\http\client.py"", line 1333, in endheaders
    self._send_output(message_body, encode_chunked=encode_chunked)
    ~~~~~~~~~~~~~~~~~^^^^^^^^^^^^^^^^^^^^^^^^^^^^^^^^^^^^^^^^^^^^^
  File ""C:\Users\J SRIHARI\AppData\Local\Programs\Python\Python314\Lib\http\client.py"", line 1093, in _send_output
    self.send(msg)
    ~~~~~~~~~^^^^^
  File ""C:\Users\J SRIHARI\AppData\Local\Programs\Python\Python314\Lib\http\client.py"", line 1037, in send
    self.connect()
    ~~~~~~~~~~~~^^
  File ""C:\Users\J SRIHARI\AppData\Local\Programs\Python\Python314\Lib\site-packages\urllib3\connection.py"", line 331, in connect
    self.sock = self._new_conn()
                ~~~~~~~~~~~~~~^^
  File ""C:\Users\J SRIHARI\AppData\Local\Programs\Python\Python314\Lib\site-packages\urllib3\connection.py"", line 211, in _new_conn
    raise NameResolutionError(self.host, self, e) from e
urllib3.exceptions.NameResolutionError: HTTPConnection(host='invalid-payment-api.com', port=80): Failed to resolve 'invalid-payment-api.com' ([Errno 11001] getaddrinfo failed)

The above exception was the direct cause of the following exception:

Traceback (most recent call last):
  File ""C:\Users\J SRIHARI\AppData\Local\Programs\Python\Python314\Lib\site-packages\requests\adapters.py"", line 645, in send
    resp = conn.urlopen(
        method=request.method,
    ...<9 lines>...
        chunked=chunked,
    )
  File ""C:\Users\J SRIHARI\AppData\Local\Programs\Python\Python314\Lib\site-packages\urllib3\connectionpool.py"", line 841, in urlopen
    retries = retries.increment(
        method, url, error=new_e, _pool=self, _stacktrace=sys.exc_info()[2]
    )
  File ""C:\Users\J SRIHARI\AppData\Local\Programs\Python\Python314\Lib\site-packages\urllib3\util\retry.py"", line 535, in increment
    raise MaxRetryError(_pool, url, reason) from reason  # type: ignore[arg-type]
    ^^^^^^^^^^^^^^^^^^^^^^^^^^^^^^^^^^^^^^^^^^^^^^^^^^^
urllib3.exceptions.MaxRetryError: HTTPConnectionPool(host='invalid-payment-api.com', port=80): Max retries exceeded with url: / (Caused by NameResolutionError(""HTTPConnection(host='invalid-payment-api.com', port=80): Failed to resolve 'invalid-payment-api.com' ([Errno 11001] getaddrinfo failed)""))

During handling of the above exception, another exception occurred:

Traceback (most recent call last):
  File ""C:\failure_learning_system\monitored_apps\payment.py"", line 3, in <module>
    requests.get(""http://invalid-payment-api.com"")
    ~~~~~~~~~~~~^^^^^^^^^^^^^^^^^^^^^^^^^^^^^^^^^^
  File ""C:\Users\J SRIHARI\AppData\Local\Programs\Python\Python314\Lib\site-packages\requests\api.py"", line 73, in get
    return request(""get"", url, params=params, **kwargs)
  File ""C:\Users\J SRIHARI\AppData\Local\Programs\Python\Python314\Lib\site-packages\requests\api.py"", line 59, in request
    return session.request(method=method, url=url, **kwargs)
           ~~~~~~~~~~~~~~~^^^^^^^^^^^^^^^^^^^^^^^^^^^^^^^^^^
  File ""C:\Users\J SRIHARI\AppData\Local\Programs\Python\Python314\Lib\site-packages\requests\sessions.py"", line 592, in request
    resp = self.send(prep, **send_kwargs)
  File ""C:\Users\J SRIHARI\AppData\Local\Programs\Python\Python314\Lib\site-packages\requests\sessions.py"", line 706, in send
    r = adapter.send(request, **kwargs)
  File ""C:\Users\J SRIHARI\AppData\Local\Programs\Python\Python314\Lib\site-packages\requests\adapters.py"", line 678, in send
    raise ConnectionError(e, request=request)
requests.exceptions.ConnectionError: HTTPConnectionPool(host='invalid-payment-api.com', port=80): Max retries exceeded with url: / (Caused by NameResolutionError(""HTTPConnection(host='invalid-payment-api.com', port=80): Failed to resolve 'invalid-payment-api.com' ([Errno 11001] getaddrinfo failed)""))
",Python Runtime,LOW,API Failure,Check API endpoint and authentication,90
137,"Traceback (most recent call last):
  File ""C:\failure_learning_system\monitored_apps\backend.py"", line 3, in <module>
    print(numbers[11])
          ~~~~~~~^^^^
IndexError: list index out of range
",Python Runtime,LOW,Runtime Exception,Check application logic and traceback,70
138,"Traceback (most recent call last):
  File ""C:\failure_learning_system\monitored_apps\sample.py"", line 4, in <module>
    print(x / y)
          ~~^~~
ZeroDivisionError: division by zero
",Python Runtime,MEDIUM,Mathematical Runtime Exception,Check denominator before division,92
139,"Traceback (most recent call last):
  File ""C:\failure_learning_system\monitored_apps\api.py"", line 3, in <module>
    print(data[""name""])
          ~~~~^^^^^^^^
KeyError: 'name'
",Python Runtime,LOW,API Failure,Check API endpoint and authentication,90
140,"Traceback (most recent call last):
  File ""C:\Users\J SRIHARI\AppData\Local\Programs\Python\Python314\Lib\site-packages\urllib3\connection.py"", line 204, in _new_conn
    sock = connection.create_connection(
        (self._dns_host, self.port),
    ...<2 lines>...
        socket_options=self.socket_options,
    )
  File ""C:\Users\J SRIHARI\AppData\Local\Programs\Python\Python314\Lib\site-packages\urllib3\util\connection.py"", line 60, in create_connection
    for res in socket.getaddrinfo(host, port, family, socket.SOCK_STREAM):
               ~~~~~~~~~~~~~~~~~~^^^^^^^^^^^^^^^^^^^^^^^^^^^^^^^^^^^^^^^^
  File ""C:\Users\J SRIHARI\AppData\Local\Programs\Python\Python314\Lib\socket.py"", line 983, in getaddrinfo
    for res in _socket.getaddrinfo(host, port, family, type, proto, flags):
               ~~~~~~~~~~~~~~~~~~~^^^^^^^^^^^^^^^^^^^^^^^^^^^^^^^^^^^^^^^^
socket.gaierror: [Errno 11001] getaddrinfo failed

The above exception was the direct cause of the following exception:

Traceback (most recent call last):
  File ""C:\Users\J SRIHARI\AppData\Local\Programs\Python\Python314\Lib\site-packages\urllib3\connectionpool.py"", line 787, in urlopen
    response = self._make_request(
        conn,
    ...<10 lines>...
        **response_kw,
    )
  File ""C:\Users\J SRIHARI\AppData\Local\Programs\Python\Python314\Lib\site-packages\urllib3\connectionpool.py"", line 493, in _make_request
    conn.request(
    ~~~~~~~~~~~~^
        method,
        ^^^^^^^
    ...<6 lines>...
        enforce_content_length=enforce_content_length,
        ^^^^^^^^^^^^^^^^^^^^^^^^^^^^^^^^^^^^^^^^^^^^^^
    )
    ^
  File ""C:\Users\J SRIHARI\AppData\Local\Programs\Python\Python314\Lib\site-packages\urllib3\connection.py"", line 500, in request
    self.endheaders()
    ~~~~~~~~~~~~~~~^^
  File ""C:\Users\J SRIHARI\AppData\Local\Programs\Python\Python314\Lib\http\client.py"", line 1333, in endheaders
    self._send_output(message_body, encode_chunked=encode_chunked)
    ~~~~~~~~~~~~~~~~~^^^^^^^^^^^^^^^^^^^^^^^^^^^^^^^^^^^^^^^^^^^^^
  File ""C:\Users\J SRIHARI\AppData\Local\Programs\Python\Python314\Lib\http\client.py"", line 1093, in _send_output
    self.send(msg)
    ~~~~~~~~~^^^^^
  File ""C:\Users\J SRIHARI\AppData\Local\Programs\Python\Python314\Lib\http\client.py"", line 1037, in send
    self.connect()
    ~~~~~~~~~~~~^^
  File ""C:\Users\J SRIHARI\AppData\Local\Programs\Python\Python314\Lib\site-packages\urllib3\connection.py"", line 331, in connect
    self.sock = self._new_conn()
                ~~~~~~~~~~~~~~^^
  File ""C:\Users\J SRIHARI\AppData\Local\Programs\Python\Python314\Lib\site-packages\urllib3\connection.py"", line 211, in _new_conn
    raise NameResolutionError(self.host, self, e) from e
urllib3.exceptions.NameResolutionError: HTTPConnection(host='invalid-payment-api.com', port=80): Failed to resolve 'invalid-payment-api.com' ([Errno 11001] getaddrinfo failed)

The above exception was the direct cause of the following exception:

Traceback (most recent call last):
  File ""C:\Users\J SRIHARI\AppData\Local\Programs\Python\Python314\Lib\site-packages\requests\adapters.py"", line 645, in send
    resp = conn.urlopen(
        method=request.method,
    ...<9 lines>...
        chunked=chunked,
    )
  File ""C:\Users\J SRIHARI\AppData\Local\Programs\Python\Python314\Lib\site-packages\urllib3\connectionpool.py"", line 841, in urlopen
    retries = retries.increment(
        method, url, error=new_e, _pool=self, _stacktrace=sys.exc_info()[2]
    )
  File ""C:\Users\J SRIHARI\AppData\Local\Programs\Python\Python314\Lib\site-packages\urllib3\util\retry.py"", line 535, in increment
    raise MaxRetryError(_pool, url, reason) from reason  # type: ignore[arg-type]
    ^^^^^^^^^^^^^^^^^^^^^^^^^^^^^^^^^^^^^^^^^^^^^^^^^^^
urllib3.exceptions.MaxRetryError: HTTPConnectionPool(host='invalid-payment-api.com', port=80): Max retries exceeded with url: / (Caused by NameResolutionError(""HTTPConnection(host='invalid-payment-api.com', port=80): Failed to resolve 'invalid-payment-api.com' ([Errno 11001] getaddrinfo failed)""))

During handling of the above exception, another exception occurred:

Traceback (most recent call last):
  File ""C:\failure_learning_system\monitored_apps\payment.py"", line 3, in <module>
    requests.get(""http://invalid-payment-api.com"")
    ~~~~~~~~~~~~^^^^^^^^^^^^^^^^^^^^^^^^^^^^^^^^^^
  File ""C:\Users\J SRIHARI\AppData\Local\Programs\Python\Python314\Lib\site-packages\requests\api.py"", line 73, in get
    return request(""get"", url, params=params, **kwargs)
  File ""C:\Users\J SRIHARI\AppData\Local\Programs\Python\Python314\Lib\site-packages\requests\api.py"", line 59, in request
    return session.request(method=method, url=url, **kwargs)
           ~~~~~~~~~~~~~~~^^^^^^^^^^^^^^^^^^^^^^^^^^^^^^^^^^
  File ""C:\Users\J SRIHARI\AppData\Local\Programs\Python\Python314\Lib\site-packages\requests\sessions.py"", line 592, in request
    resp = self.send(prep, **send_kwargs)
  File ""C:\Users\J SRIHARI\AppData\Local\Programs\Python\Python314\Lib\site-packages\requests\sessions.py"", line 706, in send
    r = adapter.send(request, **kwargs)
  File ""C:\Users\J SRIHARI\AppData\Local\Programs\Python\Python314\Lib\site-packages\requests\adapters.py"", line 678, in send
    raise ConnectionError(e, request=request)
requests.exceptions.ConnectionError: HTTPConnectionPool(host='invalid-payment-api.com', port=80): Max retries exceeded with url: / (Caused by NameResolutionError(""HTTPConnection(host='invalid-payment-api.com', port=80): Failed to resolve 'invalid-payment-api.com' ([Errno 11001] getaddrinfo failed)""))
",Python Runtime,LOW,API Failure,Check API endpoint and authentication,90
141,"Traceback (most recent call last):
  File ""C:\failure_learning_system\monitored_apps\backend.py"", line 3, in <module>
    print(numbers[11])
          ~~~~~~~^^^^
IndexError: list index out of range
",Python Runtime,LOW,Runtime Exception,Check application logic and traceback,70
142,"Traceback (most recent call last):
  File ""C:\failure_learning_system\monitored_apps\sample.py"", line 4, in <module>
    print(x / y)
          ~~^~~
ZeroDivisionError: division by zero
",Python Runtime,MEDIUM,Mathematical Runtime Exception,Check denominator before division,92
143,"Traceback (most recent call last):
  File ""C:\failure_learning_system\monitored_apps\api.py"", line 3, in <module>
    print(data[""name""])
          ~~~~^^^^^^^^
KeyError: 'name'
",Python Runtime,LOW,API Failure,Check API endpoint and authentication,90
144,"Traceback (most recent call last):
  File ""C:\Users\J SRIHARI\AppData\Local\Programs\Python\Python314\Lib\site-packages\urllib3\connection.py"", line 204, in _new_conn
    sock = connection.create_connection(
        (self._dns_host, self.port),
    ...<2 lines>...
        socket_options=self.socket_options,
    )
  File ""C:\Users\J SRIHARI\AppData\Local\Programs\Python\Python314\Lib\site-packages\urllib3\util\connection.py"", line 60, in create_connection
    for res in socket.getaddrinfo(host, port, family, socket.SOCK_STREAM):
               ~~~~~~~~~~~~~~~~~~^^^^^^^^^^^^^^^^^^^^^^^^^^^^^^^^^^^^^^^^
  File ""C:\Users\J SRIHARI\AppData\Local\Programs\Python\Python314\Lib\socket.py"", line 983, in getaddrinfo
    for res in _socket.getaddrinfo(host, port, family, type, proto, flags):
               ~~~~~~~~~~~~~~~~~~~^^^^^^^^^^^^^^^^^^^^^^^^^^^^^^^^^^^^^^^^
socket.gaierror: [Errno 11001] getaddrinfo failed

The above exception was the direct cause of the following exception:

Traceback (most recent call last):
  File ""C:\Users\J SRIHARI\AppData\Local\Programs\Python\Python314\Lib\site-packages\urllib3\connectionpool.py"", line 787, in urlopen
    response = self._make_request(
        conn,
    ...<10 lines>...
        **response_kw,
    )
  File ""C:\Users\J SRIHARI\AppData\Local\Programs\Python\Python314\Lib\site-packages\urllib3\connectionpool.py"", line 493, in _make_request
    conn.request(
    ~~~~~~~~~~~~^
        method,
        ^^^^^^^
    ...<6 lines>...
        enforce_content_length=enforce_content_length,
        ^^^^^^^^^^^^^^^^^^^^^^^^^^^^^^^^^^^^^^^^^^^^^^
    )
    ^
  File ""C:\Users\J SRIHARI\AppData\Local\Programs\Python\Python314\Lib\site-packages\urllib3\connection.py"", line 500, in request
    self.endheaders()
    ~~~~~~~~~~~~~~~^^
  File ""C:\Users\J SRIHARI\AppData\Local\Programs\Python\Python314\Lib\http\client.py"", line 1333, in endheaders
    self._send_output(message_body, encode_chunked=encode_chunked)
    ~~~~~~~~~~~~~~~~~^^^^^^^^^^^^^^^^^^^^^^^^^^^^^^^^^^^^^^^^^^^^^
  File ""C:\Users\J SRIHARI\AppData\Local\Programs\Python\Python314\Lib\http\client.py"", line 1093, in _send_output
    self.send(msg)
    ~~~~~~~~~^^^^^
  File ""C:\Users\J SRIHARI\AppData\Local\Programs\Python\Python314\Lib\http\client.py"", line 1037, in send
    self.connect()
    ~~~~~~~~~~~~^^
  File ""C:\Users\J SRIHARI\AppData\Local\Programs\Python\Python314\Lib\site-packages\urllib3\connection.py"", line 331, in connect
    self.sock = self._new_conn()
                ~~~~~~~~~~~~~~^^
  File ""C:\Users\J SRIHARI\AppData\Local\Programs\Python\Python314\Lib\site-packages\urllib3\connection.py"", line 211, in _new_conn
    raise NameResolutionError(self.host, self, e) from e
urllib3.exceptions.NameResolutionError: HTTPConnection(host='invalid-payment-api.com', port=80): Failed to resolve 'invalid-payment-api.com' ([Errno 11001] getaddrinfo failed)

The above exception was the direct cause of the following exception:

Traceback (most recent call last):
  File ""C:\Users\J SRIHARI\AppData\Local\Programs\Python\Python314\Lib\site-packages\requests\adapters.py"", line 645, in send
    resp = conn.urlopen(
        method=request.method,
    ...<9 lines>...
        chunked=chunked,
    )
  File ""C:\Users\J SRIHARI\AppData\Local\Programs\Python\Python314\Lib\site-packages\urllib3\connectionpool.py"", line 841, in urlopen
    retries = retries.increment(
        method, url, error=new_e, _pool=self, _stacktrace=sys.exc_info()[2]
    )
  File ""C:\Users\J SRIHARI\AppData\Local\Programs\Python\Python314\Lib\site-packages\urllib3\util\retry.py"", line 535, in increment
    raise MaxRetryError(_pool, url, reason) from reason  # type: ignore[arg-type]
    ^^^^^^^^^^^^^^^^^^^^^^^^^^^^^^^^^^^^^^^^^^^^^^^^^^^
urllib3.exceptions.MaxRetryError: HTTPConnectionPool(host='invalid-payment-api.com', port=80): Max retries exceeded with url: / (Caused by NameResolutionError(""HTTPConnection(host='invalid-payment-api.com', port=80): Failed to resolve 'invalid-payment-api.com' ([Errno 11001] getaddrinfo failed)""))

During handling of the above exception, another exception occurred:

Traceback (most recent call last):
  File ""C:\failure_learning_system\monitored_apps\payment.py"", line 3, in <module>
    requests.get(""http://invalid-payment-api.com"")
    ~~~~~~~~~~~~^^^^^^^^^^^^^^^^^^^^^^^^^^^^^^^^^^
  File ""C:\Users\J SRIHARI\AppData\Local\Programs\Python\Python314\Lib\site-packages\requests\api.py"", line 73, in get
    return request(""get"", url, params=params, **kwargs)
  File ""C:\Users\J SRIHARI\AppData\Local\Programs\Python\Python314\Lib\site-packages\requests\api.py"", line 59, in request
    return session.request(method=method, url=url, **kwargs)
           ~~~~~~~~~~~~~~~^^^^^^^^^^^^^^^^^^^^^^^^^^^^^^^^^^
  File ""C:\Users\J SRIHARI\AppData\Local\Programs\Python\Python314\Lib\site-packages\requests\sessions.py"", line 592, in request
    resp = self.send(prep, **send_kwargs)
  File ""C:\Users\J SRIHARI\AppData\Local\Programs\Python\Python314\Lib\site-packages\requests\sessions.py"", line 706, in send
    r = adapter.send(request, **kwargs)
  File ""C:\Users\J SRIHARI\AppData\Local\Programs\Python\Python314\Lib\site-packages\requests\adapters.py"", line 678, in send
    raise ConnectionError(e, request=request)
requests.exceptions.ConnectionError: HTTPConnectionPool(host='invalid-payment-api.com', port=80): Max retries exceeded with url: / (Caused by NameResolutionError(""HTTPConnection(host='invalid-payment-api.com', port=80): Failed to resolve 'invalid-payment-api.com' ([Errno 11001] getaddrinfo failed)""))
",Python Runtime,LOW,API Failure,Check API endpoint and authentication,90
145,"Traceback (most recent call last):
  File ""C:\failure_learning_system\monitored_apps\backend.py"", line 3, in <module>
    print(numbers[11])
          ~~~~~~~^^^^
IndexError: list index out of range
",Python Runtime,LOW,Runtime Exception,Check application logic and traceback,70
146,"Traceback (most recent call last):
  File ""C:\failure_learning_system\monitored_apps\sample.py"", line 4, in <module>
    print(x / y)
          ~~^~~
ZeroDivisionError: division by zero
",Python Runtime,MEDIUM,Mathematical Runtime Exception,Check denominator before division,92
147,"Traceback (most recent call last):
  File ""C:\failure_learning_system\monitored_apps\api.py"", line 3, in <module>
    print(data[""name""])
          ~~~~^^^^^^^^
KeyError: 'name'
",Python Runtime,LOW,API Failure,Check API endpoint and authentication,90
148,"Traceback (most recent call last):
  File ""C:\Users\J SRIHARI\AppData\Local\Programs\Python\Python314\Lib\site-packages\urllib3\connection.py"", line 204, in _new_conn
    sock = connection.create_connection(
        (self._dns_host, self.port),
    ...<2 lines>...
        socket_options=self.socket_options,
    )
  File ""C:\Users\J SRIHARI\AppData\Local\Programs\Python\Python314\Lib\site-packages\urllib3\util\connection.py"", line 60, in create_connection
    for res in socket.getaddrinfo(host, port, family, socket.SOCK_STREAM):
               ~~~~~~~~~~~~~~~~~~^^^^^^^^^^^^^^^^^^^^^^^^^^^^^^^^^^^^^^^^
  File ""C:\Users\J SRIHARI\AppData\Local\Programs\Python\Python314\Lib\socket.py"", line 983, in getaddrinfo
    for res in _socket.getaddrinfo(host, port, family, type, proto, flags):
               ~~~~~~~~~~~~~~~~~~~^^^^^^^^^^^^^^^^^^^^^^^^^^^^^^^^^^^^^^^^
socket.gaierror: [Errno 11001] getaddrinfo failed

The above exception was the direct cause of the following exception:

Traceback (most recent call last):
  File ""C:\Users\J SRIHARI\AppData\Local\Programs\Python\Python314\Lib\site-packages\urllib3\connectionpool.py"", line 787, in urlopen
    response = self._make_request(
        conn,
    ...<10 lines>...
        **response_kw,
    )
  File ""C:\Users\J SRIHARI\AppData\Local\Programs\Python\Python314\Lib\site-packages\urllib3\connectionpool.py"", line 493, in _make_request
    conn.request(
    ~~~~~~~~~~~~^
        method,
        ^^^^^^^
    ...<6 lines>...
        enforce_content_length=enforce_content_length,
        ^^^^^^^^^^^^^^^^^^^^^^^^^^^^^^^^^^^^^^^^^^^^^^
    )
    ^
  File ""C:\Users\J SRIHARI\AppData\Local\Programs\Python\Python314\Lib\site-packages\urllib3\connection.py"", line 500, in request
    self.endheaders()
    ~~~~~~~~~~~~~~~^^
  File ""C:\Users\J SRIHARI\AppData\Local\Programs\Python\Python314\Lib\http\client.py"", line 1333, in endheaders
    self._send_output(message_body, encode_chunked=encode_chunked)
    ~~~~~~~~~~~~~~~~~^^^^^^^^^^^^^^^^^^^^^^^^^^^^^^^^^^^^^^^^^^^^^
  File ""C:\Users\J SRIHARI\AppData\Local\Programs\Python\Python314\Lib\http\client.py"", line 1093, in _send_output
    self.send(msg)
    ~~~~~~~~~^^^^^
  File ""C:\Users\J SRIHARI\AppData\Local\Programs\Python\Python314\Lib\http\client.py"", line 1037, in send
    self.connect()
    ~~~~~~~~~~~~^^
  File ""C:\Users\J SRIHARI\AppData\Local\Programs\Python\Python314\Lib\site-packages\urllib3\connection.py"", line 331, in connect
    self.sock = self._new_conn()
                ~~~~~~~~~~~~~~^^
  File ""C:\Users\J SRIHARI\AppData\Local\Programs\Python\Python314\Lib\site-packages\urllib3\connection.py"", line 211, in _new_conn
    raise NameResolutionError(self.host, self, e) from e
urllib3.exceptions.NameResolutionError: HTTPConnection(host='invalid-payment-api.com', port=80): Failed to resolve 'invalid-payment-api.com' ([Errno 11001] getaddrinfo failed)

The above exception was the direct cause of the following exception:

Traceback (most recent call last):
  File ""C:\Users\J SRIHARI\AppData\Local\Programs\Python\Python314\Lib\site-packages\requests\adapters.py"", line 645, in send
    resp = conn.urlopen(
        method=request.method,
    ...<9 lines>...
        chunked=chunked,
    )
  File ""C:\Users\J SRIHARI\AppData\Local\Programs\Python\Python314\Lib\site-packages\urllib3\connectionpool.py"", line 841, in urlopen
    retries = retries.increment(
        method, url, error=new_e, _pool=self, _stacktrace=sys.exc_info()[2]
    )
  File ""C:\Users\J SRIHARI\AppData\Local\Programs\Python\Python314\Lib\site-packages\urllib3\util\retry.py"", line 535, in increment
    raise MaxRetryError(_pool, url, reason) from reason  # type: ignore[arg-type]
    ^^^^^^^^^^^^^^^^^^^^^^^^^^^^^^^^^^^^^^^^^^^^^^^^^^^
urllib3.exceptions.MaxRetryError: HTTPConnectionPool(host='invalid-payment-api.com', port=80): Max retries exceeded with url: / (Caused by NameResolutionError(""HTTPConnection(host='invalid-payment-api.com', port=80): Failed to resolve 'invalid-payment-api.com' ([Errno 11001] getaddrinfo failed)""))

During handling of the above exception, another exception occurred:

Traceback (most recent call last):
  File ""C:\failure_learning_system\monitored_apps\payment.py"", line 3, in <module>
    requests.get(""http://invalid-payment-api.com"")
    ~~~~~~~~~~~~^^^^^^^^^^^^^^^^^^^^^^^^^^^^^^^^^^
  File ""C:\Users\J SRIHARI\AppData\Local\Programs\Python\Python314\Lib\site-packages\requests\api.py"", line 73, in get
    return request(""get"", url, params=params, **kwargs)
  File ""C:\Users\J SRIHARI\AppData\Local\Programs\Python\Python314\Lib\site-packages\requests\api.py"", line 59, in request
    return session.request(method=method, url=url, **kwargs)
           ~~~~~~~~~~~~~~~^^^^^^^^^^^^^^^^^^^^^^^^^^^^^^^^^^
  File ""C:\Users\J SRIHARI\AppData\Local\Programs\Python\Python314\Lib\site-packages\requests\sessions.py"", line 592, in request
    resp = self.send(prep, **send_kwargs)
  File ""C:\Users\J SRIHARI\AppData\Local\Programs\Python\Python314\Lib\site-packages\requests\sessions.py"", line 706, in send
    r = adapter.send(request, **kwargs)
  File ""C:\Users\J SRIHARI\AppData\Local\Programs\Python\Python314\Lib\site-packages\requests\adapters.py"", line 678, in send
    raise ConnectionError(e, request=request)
requests.exceptions.ConnectionError: HTTPConnectionPool(host='invalid-payment-api.com', port=80): Max retries exceeded with url: / (Caused by NameResolutionError(""HTTPConnection(host='invalid-payment-api.com', port=80): Failed to resolve 'invalid-payment-api.com' ([Errno 11001] getaddrinfo failed)""))
",Python Runtime,LOW,API Failure,Check API endpoint and authentication,90
149,"Traceback (most recent call last):
  File ""C:\failure_learning_system\monitored_apps\backend.py"", line 3, in <module>
    print(numbers[11])
          ~~~~~~~^^^^
IndexError: list index out of range
",Python Runtime,LOW,Runtime Exception,Check application logic and traceback,70
150,"Traceback (most recent call last):
  File ""C:\failure_learning_system\monitored_apps\sample.py"", line 4, in <module>
    print(x / y)
          ~~^~~
ZeroDivisionError: division by zero
",Python Runtime,MEDIUM,Mathematical Runtime Exception,Check denominator before division,92
151,"Traceback (most recent call last):
  File ""C:\failure_learning_system\monitored_apps\api.py"", line 3, in <module>
    print(data[""name""])
          ~~~~^^^^^^^^
KeyError: 'name'
",Python Runtime,LOW,API Failure,Check API endpoint and authentication,90
152,"Traceback (most recent call last):
  File ""C:\Users\J SRIHARI\AppData\Local\Programs\Python\Python314\Lib\site-packages\urllib3\connection.py"", line 204, in _new_conn
    sock = connection.create_connection(
        (self._dns_host, self.port),
    ...<2 lines>...
        socket_options=self.socket_options,
    )
  File ""C:\Users\J SRIHARI\AppData\Local\Programs\Python\Python314\Lib\site-packages\urllib3\util\connection.py"", line 60, in create_connection
    for res in socket.getaddrinfo(host, port, family, socket.SOCK_STREAM):
               ~~~~~~~~~~~~~~~~~~^^^^^^^^^^^^^^^^^^^^^^^^^^^^^^^^^^^^^^^^
  File ""C:\Users\J SRIHARI\AppData\Local\Programs\Python\Python314\Lib\socket.py"", line 983, in getaddrinfo
    for res in _socket.getaddrinfo(host, port, family, type, proto, flags):
               ~~~~~~~~~~~~~~~~~~~^^^^^^^^^^^^^^^^^^^^^^^^^^^^^^^^^^^^^^^^
socket.gaierror: [Errno 11001] getaddrinfo failed

The above exception was the direct cause of the following exception:

Traceback (most recent call last):
  File ""C:\Users\J SRIHARI\AppData\Local\Programs\Python\Python314\Lib\site-packages\urllib3\connectionpool.py"", line 787, in urlopen
    response = self._make_request(
        conn,
    ...<10 lines>...
        **response_kw,
    )
  File ""C:\Users\J SRIHARI\AppData\Local\Programs\Python\Python314\Lib\site-packages\urllib3\connectionpool.py"", line 493, in _make_request
    conn.request(
    ~~~~~~~~~~~~^
        method,
        ^^^^^^^
    ...<6 lines>...
        enforce_content_length=enforce_content_length,
        ^^^^^^^^^^^^^^^^^^^^^^^^^^^^^^^^^^^^^^^^^^^^^^
    )
    ^
  File ""C:\Users\J SRIHARI\AppData\Local\Programs\Python\Python314\Lib\site-packages\urllib3\connection.py"", line 500, in request
    self.endheaders()
    ~~~~~~~~~~~~~~~^^
  File ""C:\Users\J SRIHARI\AppData\Local\Programs\Python\Python314\Lib\http\client.py"", line 1333, in endheaders
    self._send_output(message_body, encode_chunked=encode_chunked)
    ~~~~~~~~~~~~~~~~~^^^^^^^^^^^^^^^^^^^^^^^^^^^^^^^^^^^^^^^^^^^^^
  File ""C:\Users\J SRIHARI\AppData\Local\Programs\Python\Python314\Lib\http\client.py"", line 1093, in _send_output
    self.send(msg)
    ~~~~~~~~~^^^^^
  File ""C:\Users\J SRIHARI\AppData\Local\Programs\Python\Python314\Lib\http\client.py"", line 1037, in send
    self.connect()
    ~~~~~~~~~~~~^^
  File ""C:\Users\J SRIHARI\AppData\Local\Programs\Python\Python314\Lib\site-packages\urllib3\connection.py"", line 331, in connect
    self.sock = self._new_conn()
                ~~~~~~~~~~~~~~^^
  File ""C:\Users\J SRIHARI\AppData\Local\Programs\Python\Python314\Lib\site-packages\urllib3\connection.py"", line 211, in _new_conn
    raise NameResolutionError(self.host, self, e) from e
urllib3.exceptions.NameResolutionError: HTTPConnection(host='invalid-payment-api.com', port=80): Failed to resolve 'invalid-payment-api.com' ([Errno 11001] getaddrinfo failed)

The above exception was the direct cause of the following exception:

Traceback (most recent call last):
  File ""C:\Users\J SRIHARI\AppData\Local\Programs\Python\Python314\Lib\site-packages\requests\adapters.py"", line 645, in send
    resp = conn.urlopen(
        method=request.method,
    ...<9 lines>...
        chunked=chunked,
    )
  File ""C:\Users\J SRIHARI\AppData\Local\Programs\Python\Python314\Lib\site-packages\urllib3\connectionpool.py"", line 841, in urlopen
    retries = retries.increment(
        method, url, error=new_e, _pool=self, _stacktrace=sys.exc_info()[2]
    )
  File ""C:\Users\J SRIHARI\AppData\Local\Programs\Python\Python314\Lib\site-packages\urllib3\util\retry.py"", line 535, in increment
    raise MaxRetryError(_pool, url, reason) from reason  # type: ignore[arg-type]
    ^^^^^^^^^^^^^^^^^^^^^^^^^^^^^^^^^^^^^^^^^^^^^^^^^^^
urllib3.exceptions.MaxRetryError: HTTPConnectionPool(host='invalid-payment-api.com', port=80): Max retries exceeded with url: / (Caused by NameResolutionError(""HTTPConnection(host='invalid-payment-api.com', port=80): Failed to resolve 'invalid-payment-api.com' ([Errno 11001] getaddrinfo failed)""))

During handling of the above exception, another exception occurred:

Traceback (most recent call last):
  File ""C:\failure_learning_system\monitored_apps\payment.py"", line 3, in <module>
    requests.get(""http://invalid-payment-api.com"")
    ~~~~~~~~~~~~^^^^^^^^^^^^^^^^^^^^^^^^^^^^^^^^^^
  File ""C:\Users\J SRIHARI\AppData\Local\Programs\Python\Python314\Lib\site-packages\requests\api.py"", line 73, in get
    return request(""get"", url, params=params, **kwargs)
  File ""C:\Users\J SRIHARI\AppData\Local\Programs\Python\Python314\Lib\site-packages\requests\api.py"", line 59, in request
    return session.request(method=method, url=url, **kwargs)
           ~~~~~~~~~~~~~~~^^^^^^^^^^^^^^^^^^^^^^^^^^^^^^^^^^
  File ""C:\Users\J SRIHARI\AppData\Local\Programs\Python\Python314\Lib\site-packages\requests\sessions.py"", line 592, in request
    resp = self.send(prep, **send_kwargs)
  File ""C:\Users\J SRIHARI\AppData\Local\Programs\Python\Python314\Lib\site-packages\requests\sessions.py"", line 706, in send
    r = adapter.send(request, **kwargs)
  File ""C:\Users\J SRIHARI\AppData\Local\Programs\Python\Python314\Lib\site-packages\requests\adapters.py"", line 678, in send
    raise ConnectionError(e, request=request)
requests.exceptions.ConnectionError: HTTPConnectionPool(host='invalid-payment-api.com', port=80): Max retries exceeded with url: / (Caused by NameResolutionError(""HTTPConnection(host='invalid-payment-api.com', port=80): Failed to resolve 'invalid-payment-api.com' ([Errno 11001] getaddrinfo failed)""))
",Python Runtime,LOW,API Failure,Check API endpoint and authentication,90
153,"Traceback (most recent call last):
  File ""C:\failure_learning_system\monitored_apps\backend.py"", line 3, in <module>
    print(numbers[11])
          ~~~~~~~^^^^
IndexError: list index out of range
",Python Runtime,LOW,Runtime Exception,Check application logic and traceback,70
154,"Traceback (most recent call last):
  File ""C:\failure_learning_system\monitored_apps\sample.py"", line 4, in <module>
    print(x / y)
          ~~^~~
ZeroDivisionError: division by zero
",Python Runtime,MEDIUM,Mathematical Runtime Exception,Check denominator before division,92
155,"Traceback (most recent call last):
  File ""C:\failure_learning_system\monitored_apps\api.py"", line 3, in <module>
    print(data[""name""])
          ~~~~^^^^^^^^
KeyError: 'name'
",Python Runtime,LOW,API Failure,Check API endpoint and authentication,90
156,"Traceback (most recent call last):
  File ""C:\Users\J SRIHARI\AppData\Local\Programs\Python\Python314\Lib\site-packages\urllib3\connection.py"", line 204, in _new_conn
    sock = connection.create_connection(
        (self._dns_host, self.port),
    ...<2 lines>...
        socket_options=self.socket_options,
    )
  File ""C:\Users\J SRIHARI\AppData\Local\Programs\Python\Python314\Lib\site-packages\urllib3\util\connection.py"", line 60, in create_connection
    for res in socket.getaddrinfo(host, port, family, socket.SOCK_STREAM):
               ~~~~~~~~~~~~~~~~~~^^^^^^^^^^^^^^^^^^^^^^^^^^^^^^^^^^^^^^^^
  File ""C:\Users\J SRIHARI\AppData\Local\Programs\Python\Python314\Lib\socket.py"", line 983, in getaddrinfo
    for res in _socket.getaddrinfo(host, port, family, type, proto, flags):
               ~~~~~~~~~~~~~~~~~~~^^^^^^^^^^^^^^^^^^^^^^^^^^^^^^^^^^^^^^^^
socket.gaierror: [Errno 11001] getaddrinfo failed

The above exception was the direct cause of the following exception:

Traceback (most recent call last):
  File ""C:\Users\J SRIHARI\AppData\Local\Programs\Python\Python314\Lib\site-packages\urllib3\connectionpool.py"", line 787, in urlopen
    response = self._make_request(
        conn,
    ...<10 lines>...
        **response_kw,
    )
  File ""C:\Users\J SRIHARI\AppData\Local\Programs\Python\Python314\Lib\site-packages\urllib3\connectionpool.py"", line 493, in _make_request
    conn.request(
    ~~~~~~~~~~~~^
        method,
        ^^^^^^^
    ...<6 lines>...
        enforce_content_length=enforce_content_length,
        ^^^^^^^^^^^^^^^^^^^^^^^^^^^^^^^^^^^^^^^^^^^^^^
    )
    ^
  File ""C:\Users\J SRIHARI\AppData\Local\Programs\Python\Python314\Lib\site-packages\urllib3\connection.py"", line 500, in request
    self.endheaders()
    ~~~~~~~~~~~~~~~^^
  File ""C:\Users\J SRIHARI\AppData\Local\Programs\Python\Python314\Lib\http\client.py"", line 1333, in endheaders
    self._send_output(message_body, encode_chunked=encode_chunked)
    ~~~~~~~~~~~~~~~~~^^^^^^^^^^^^^^^^^^^^^^^^^^^^^^^^^^^^^^^^^^^^^
  File ""C:\Users\J SRIHARI\AppData\Local\Programs\Python\Python314\Lib\http\client.py"", line 1093, in _send_output
    self.send(msg)
    ~~~~~~~~~^^^^^
  File ""C:\Users\J SRIHARI\AppData\Local\Programs\Python\Python314\Lib\http\client.py"", line 1037, in send
    self.connect()
    ~~~~~~~~~~~~^^
  File ""C:\Users\J SRIHARI\AppData\Local\Programs\Python\Python314\Lib\site-packages\urllib3\connection.py"", line 331, in connect
    self.sock = self._new_conn()
                ~~~~~~~~~~~~~~^^
  File ""C:\Users\J SRIHARI\AppData\Local\Programs\Python\Python314\Lib\site-packages\urllib3\connection.py"", line 211, in _new_conn
    raise NameResolutionError(self.host, self, e) from e
urllib3.exceptions.NameResolutionError: HTTPConnection(host='invalid-payment-api.com', port=80): Failed to resolve 'invalid-payment-api.com' ([Errno 11001] getaddrinfo failed)

The above exception was the direct cause of the following exception:

Traceback (most recent call last):
  File ""C:\Users\J SRIHARI\AppData\Local\Programs\Python\Python314\Lib\site-packages\requests\adapters.py"", line 645, in send
    resp = conn.urlopen(
        method=request.method,
    ...<9 lines>...
        chunked=chunked,
    )
  File ""C:\Users\J SRIHARI\AppData\Local\Programs\Python\Python314\Lib\site-packages\urllib3\connectionpool.py"", line 841, in urlopen
    retries = retries.increment(
        method, url, error=new_e, _pool=self, _stacktrace=sys.exc_info()[2]
    )
  File ""C:\Users\J SRIHARI\AppData\Local\Programs\Python\Python314\Lib\site-packages\urllib3\util\retry.py"", line 535, in increment
    raise MaxRetryError(_pool, url, reason) from reason  # type: ignore[arg-type]
    ^^^^^^^^^^^^^^^^^^^^^^^^^^^^^^^^^^^^^^^^^^^^^^^^^^^
urllib3.exceptions.MaxRetryError: HTTPConnectionPool(host='invalid-payment-api.com', port=80): Max retries exceeded with url: / (Caused by NameResolutionError(""HTTPConnection(host='invalid-payment-api.com', port=80): Failed to resolve 'invalid-payment-api.com' ([Errno 11001] getaddrinfo failed)""))

During handling of the above exception, another exception occurred:

Traceback (most recent call last):
  File ""C:\failure_learning_system\monitored_apps\payment.py"", line 3, in <module>
    requests.get(""http://invalid-payment-api.com"")
    ~~~~~~~~~~~~^^^^^^^^^^^^^^^^^^^^^^^^^^^^^^^^^^
  File ""C:\Users\J SRIHARI\AppData\Local\Programs\Python\Python314\Lib\site-packages\requests\api.py"", line 73, in get
    return request(""get"", url, params=params, **kwargs)
  File ""C:\Users\J SRIHARI\AppData\Local\Programs\Python\Python314\Lib\site-packages\requests\api.py"", line 59, in request
    return session.request(method=method, url=url, **kwargs)
           ~~~~~~~~~~~~~~~^^^^^^^^^^^^^^^^^^^^^^^^^^^^^^^^^^
  File ""C:\Users\J SRIHARI\AppData\Local\Programs\Python\Python314\Lib\site-packages\requests\sessions.py"", line 592, in request
    resp = self.send(prep, **send_kwargs)
  File ""C:\Users\J SRIHARI\AppData\Local\Programs\Python\Python314\Lib\site-packages\requests\sessions.py"", line 706, in send
    r = adapter.send(request, **kwargs)
  File ""C:\Users\J SRIHARI\AppData\Local\Programs\Python\Python314\Lib\site-packages\requests\adapters.py"", line 678, in send
    raise ConnectionError(e, request=request)
requests.exceptions.ConnectionError: HTTPConnectionPool(host='invalid-payment-api.com', port=80): Max retries exceeded with url: / (Caused by NameResolutionError(""HTTPConnection(host='invalid-payment-api.com', port=80): Failed to resolve 'invalid-payment-api.com' ([Errno 11001] getaddrinfo failed)""))
",Python Runtime,LOW,API Failure,Check API endpoint and authentication,90
157,"Traceback (most recent call last):
  File ""C:\failure_learning_system\monitored_apps\backend.py"", line 3, in <module>
    print(numbers[11])
          ~~~~~~~^^^^
IndexError: list index out of range
",Python Runtime,LOW,Runtime Exception,Check application logic and traceback,70
158,"Traceback (most recent call last):
  File ""C:\failure_learning_system\monitored_apps\sample.py"", line 4, in <module>
    print(x / y)
          ~~^~~
ZeroDivisionError: division by zero
",Python Runtime,MEDIUM,Mathematical Runtime Exception,Check denominator before division,92
159,"Traceback (most recent call last):
  File ""C:\failure_learning_system\monitored_apps\api.py"", line 3, in <module>
    print(data[""name""])
          ~~~~^^^^^^^^
KeyError: 'name'
",Python Runtime,LOW,API Failure,Check API endpoint and authentication,90
160,"Traceback (most recent call last):
  File ""C:\Users\J SRIHARI\AppData\Local\Programs\Python\Python314\Lib\site-packages\urllib3\connection.py"", line 204, in _new_conn
    sock = connection.create_connection(
        (self._dns_host, self.port),
    ...<2 lines>...
        socket_options=self.socket_options,
    )
  File ""C:\Users\J SRIHARI\AppData\Local\Programs\Python\Python314\Lib\site-packages\urllib3\util\connection.py"", line 60, in create_connection
    for res in socket.getaddrinfo(host, port, family, socket.SOCK_STREAM):
               ~~~~~~~~~~~~~~~~~~^^^^^^^^^^^^^^^^^^^^^^^^^^^^^^^^^^^^^^^^
  File ""C:\Users\J SRIHARI\AppData\Local\Programs\Python\Python314\Lib\socket.py"", line 983, in getaddrinfo
    for res in _socket.getaddrinfo(host, port, family, type, proto, flags):
               ~~~~~~~~~~~~~~~~~~~^^^^^^^^^^^^^^^^^^^^^^^^^^^^^^^^^^^^^^^^
socket.gaierror: [Errno 11001] getaddrinfo failed

The above exception was the direct cause of the following exception:

Traceback (most recent call last):
  File ""C:\Users\J SRIHARI\AppData\Local\Programs\Python\Python314\Lib\site-packages\urllib3\connectionpool.py"", line 787, in urlopen
    response = self._make_request(
        conn,
    ...<10 lines>...
        **response_kw,
    )
  File ""C:\Users\J SRIHARI\AppData\Local\Programs\Python\Python314\Lib\site-packages\urllib3\connectionpool.py"", line 493, in _make_request
    conn.request(
    ~~~~~~~~~~~~^
        method,
        ^^^^^^^
    ...<6 lines>...
        enforce_content_length=enforce_content_length,
        ^^^^^^^^^^^^^^^^^^^^^^^^^^^^^^^^^^^^^^^^^^^^^^
    )
    ^
  File ""C:\Users\J SRIHARI\AppData\Local\Programs\Python\Python314\Lib\site-packages\urllib3\connection.py"", line 500, in request
    self.endheaders()
    ~~~~~~~~~~~~~~~^^
  File ""C:\Users\J SRIHARI\AppData\Local\Programs\Python\Python314\Lib\http\client.py"", line 1333, in endheaders
    self._send_output(message_body, encode_chunked=encode_chunked)
    ~~~~~~~~~~~~~~~~~^^^^^^^^^^^^^^^^^^^^^^^^^^^^^^^^^^^^^^^^^^^^^
  File ""C:\Users\J SRIHARI\AppData\Local\Programs\Python\Python314\Lib\http\client.py"", line 1093, in _send_output
    self.send(msg)
    ~~~~~~~~~^^^^^
  File ""C:\Users\J SRIHARI\AppData\Local\Programs\Python\Python314\Lib\http\client.py"", line 1037, in send
    self.connect()
    ~~~~~~~~~~~~^^
  File ""C:\Users\J SRIHARI\AppData\Local\Programs\Python\Python314\Lib\site-packages\urllib3\connection.py"", line 331, in connect
    self.sock = self._new_conn()
                ~~~~~~~~~~~~~~^^
  File ""C:\Users\J SRIHARI\AppData\Local\Programs\Python\Python314\Lib\site-packages\urllib3\connection.py"", line 211, in _new_conn
    raise NameResolutionError(self.host, self, e) from e
urllib3.exceptions.NameResolutionError: HTTPConnection(host='invalid-payment-api.com', port=80): Failed to resolve 'invalid-payment-api.com' ([Errno 11001] getaddrinfo failed)

The above exception was the direct cause of the following exception:

Traceback (most recent call last):
  File ""C:\Users\J SRIHARI\AppData\Local\Programs\Python\Python314\Lib\site-packages\requests\adapters.py"", line 645, in send
    resp = conn.urlopen(
        method=request.method,
    ...<9 lines>...
        chunked=chunked,
    )
  File ""C:\Users\J SRIHARI\AppData\Local\Programs\Python\Python314\Lib\site-packages\urllib3\connectionpool.py"", line 841, in urlopen
    retries = retries.increment(
        method, url, error=new_e, _pool=self, _stacktrace=sys.exc_info()[2]
    )
  File ""C:\Users\J SRIHARI\AppData\Local\Programs\Python\Python314\Lib\site-packages\urllib3\util\retry.py"", line 535, in increment
    raise MaxRetryError(_pool, url, reason) from reason  # type: ignore[arg-type]
    ^^^^^^^^^^^^^^^^^^^^^^^^^^^^^^^^^^^^^^^^^^^^^^^^^^^
urllib3.exceptions.MaxRetryError: HTTPConnectionPool(host='invalid-payment-api.com', port=80): Max retries exceeded with url: / (Caused by NameResolutionError(""HTTPConnection(host='invalid-payment-api.com', port=80): Failed to resolve 'invalid-payment-api.com' ([Errno 11001] getaddrinfo failed)""))

During handling of the above exception, another exception occurred:

Traceback (most recent call last):
  File ""C:\failure_learning_system\monitored_apps\payment.py"", line 3, in <module>
    requests.get(""http://invalid-payment-api.com"")
    ~~~~~~~~~~~~^^^^^^^^^^^^^^^^^^^^^^^^^^^^^^^^^^
  File ""C:\Users\J SRIHARI\AppData\Local\Programs\Python\Python314\Lib\site-packages\requests\api.py"", line 73, in get
    return request(""get"", url, params=params, **kwargs)
  File ""C:\Users\J SRIHARI\AppData\Local\Programs\Python\Python314\Lib\site-packages\requests\api.py"", line 59, in request
    return session.request(method=method, url=url, **kwargs)
           ~~~~~~~~~~~~~~~^^^^^^^^^^^^^^^^^^^^^^^^^^^^^^^^^^
  File ""C:\Users\J SRIHARI\AppData\Local\Programs\Python\Python314\Lib\site-packages\requests\sessions.py"", line 592, in request
    resp = self.send(prep, **send_kwargs)
  File ""C:\Users\J SRIHARI\AppData\Local\Programs\Python\Python314\Lib\site-packages\requests\sessions.py"", line 706, in send
    r = adapter.send(request, **kwargs)
  File ""C:\Users\J SRIHARI\AppData\Local\Programs\Python\Python314\Lib\site-packages\requests\adapters.py"", line 678, in send
    raise ConnectionError(e, request=request)
requests.exceptions.ConnectionError: HTTPConnectionPool(host='invalid-payment-api.com', port=80): Max retries exceeded with url: / (Caused by NameResolutionError(""HTTPConnection(host='invalid-payment-api.com', port=80): Failed to resolve 'invalid-payment-api.com' ([Errno 11001] getaddrinfo failed)""))
",Python Runtime,LOW,API Failure,Check API endpoint and authentication,90
161,"Traceback (most recent call last):
  File ""C:\failure_learning_system\monitored_apps\backend.py"", line 3, in <module>
    print(numbers[11])
          ~~~~~~~^^^^
IndexError: list index out of range
",Python Runtime,LOW,Runtime Exception,Check application logic and traceback,70
162,"Traceback (most recent call last):
  File ""C:\failure_learning_system\monitored_apps\sample.py"", line 4, in <module>
    print(x / y)
          ~~^~~
ZeroDivisionError: division by zero
",Python Runtime,MEDIUM,Mathematical Runtime Exception,Check denominator before division,92
163,"Traceback (most recent call last):
  File ""C:\failure_learning_system\monitored_apps\api.py"", line 3, in <module>
    print(data[""name""])
          ~~~~^^^^^^^^
KeyError: 'name'
",Python Runtime,LOW,API Failure,Check API endpoint and authentication,90
164,"Traceback (most recent call last):
  File ""C:\Users\J SRIHARI\AppData\Local\Programs\Python\Python314\Lib\site-packages\urllib3\connection.py"", line 204, in _new_conn
    sock = connection.create_connection(
        (self._dns_host, self.port),
    ...<2 lines>...
        socket_options=self.socket_options,
    )
  File ""C:\Users\J SRIHARI\AppData\Local\Programs\Python\Python314\Lib\site-packages\urllib3\util\connection.py"", line 60, in create_connection
    for res in socket.getaddrinfo(host, port, family, socket.SOCK_STREAM):
               ~~~~~~~~~~~~~~~~~~^^^^^^^^^^^^^^^^^^^^^^^^^^^^^^^^^^^^^^^^
  File ""C:\Users\J SRIHARI\AppData\Local\Programs\Python\Python314\Lib\socket.py"", line 983, in getaddrinfo
    for res in _socket.getaddrinfo(host, port, family, type, proto, flags):
               ~~~~~~~~~~~~~~~~~~~^^^^^^^^^^^^^^^^^^^^^^^^^^^^^^^^^^^^^^^^
socket.gaierror: [Errno 11001] getaddrinfo failed

The above exception was the direct cause of the following exception:

Traceback (most recent call last):
  File ""C:\Users\J SRIHARI\AppData\Local\Programs\Python\Python314\Lib\site-packages\urllib3\connectionpool.py"", line 787, in urlopen
    response = self._make_request(
        conn,
    ...<10 lines>...
        **response_kw,
    )
  File ""C:\Users\J SRIHARI\AppData\Local\Programs\Python\Python314\Lib\site-packages\urllib3\connectionpool.py"", line 493, in _make_request
    conn.request(
    ~~~~~~~~~~~~^
        method,
        ^^^^^^^
    ...<6 lines>...
        enforce_content_length=enforce_content_length,
        ^^^^^^^^^^^^^^^^^^^^^^^^^^^^^^^^^^^^^^^^^^^^^^
    )
    ^
  File ""C:\Users\J SRIHARI\AppData\Local\Programs\Python\Python314\Lib\site-packages\urllib3\connection.py"", line 500, in request
    self.endheaders()
    ~~~~~~~~~~~~~~~^^
  File ""C:\Users\J SRIHARI\AppData\Local\Programs\Python\Python314\Lib\http\client.py"", line 1333, in endheaders
    self._send_output(message_body, encode_chunked=encode_chunked)
    ~~~~~~~~~~~~~~~~~^^^^^^^^^^^^^^^^^^^^^^^^^^^^^^^^^^^^^^^^^^^^^
  File ""C:\Users\J SRIHARI\AppData\Local\Programs\Python\Python314\Lib\http\client.py"", line 1093, in _send_output
    self.send(msg)
    ~~~~~~~~~^^^^^
  File ""C:\Users\J SRIHARI\AppData\Local\Programs\Python\Python314\Lib\http\client.py"", line 1037, in send
    self.connect()
    ~~~~~~~~~~~~^^
  File ""C:\Users\J SRIHARI\AppData\Local\Programs\Python\Python314\Lib\site-packages\urllib3\connection.py"", line 331, in connect
    self.sock = self._new_conn()
                ~~~~~~~~~~~~~~^^
  File ""C:\Users\J SRIHARI\AppData\Local\Programs\Python\Python314\Lib\site-packages\urllib3\connection.py"", line 211, in _new_conn
    raise NameResolutionError(self.host, self, e) from e
urllib3.exceptions.NameResolutionError: HTTPConnection(host='invalid-payment-api.com', port=80): Failed to resolve 'invalid-payment-api.com' ([Errno 11001] getaddrinfo failed)

The above exception was the direct cause of the following exception:

Traceback (most recent call last):
  File ""C:\Users\J SRIHARI\AppData\Local\Programs\Python\Python314\Lib\site-packages\requests\adapters.py"", line 645, in send
    resp = conn.urlopen(
        method=request.method,
    ...<9 lines>...
        chunked=chunked,
    )
  File ""C:\Users\J SRIHARI\AppData\Local\Programs\Python\Python314\Lib\site-packages\urllib3\connectionpool.py"", line 841, in urlopen
    retries = retries.increment(
        method, url, error=new_e, _pool=self, _stacktrace=sys.exc_info()[2]
    )
  File ""C:\Users\J SRIHARI\AppData\Local\Programs\Python\Python314\Lib\site-packages\urllib3\util\retry.py"", line 535, in increment
    raise MaxRetryError(_pool, url, reason) from reason  # type: ignore[arg-type]
    ^^^^^^^^^^^^^^^^^^^^^^^^^^^^^^^^^^^^^^^^^^^^^^^^^^^
urllib3.exceptions.MaxRetryError: HTTPConnectionPool(host='invalid-payment-api.com', port=80): Max retries exceeded with url: / (Caused by NameResolutionError(""HTTPConnection(host='invalid-payment-api.com', port=80): Failed to resolve 'invalid-payment-api.com' ([Errno 11001] getaddrinfo failed)""))

During handling of the above exception, another exception occurred:

Traceback (most recent call last):
  File ""C:\failure_learning_system\monitored_apps\payment.py"", line 3, in <module>
    requests.get(""http://invalid-payment-api.com"")
    ~~~~~~~~~~~~^^^^^^^^^^^^^^^^^^^^^^^^^^^^^^^^^^
  File ""C:\Users\J SRIHARI\AppData\Local\Programs\Python\Python314\Lib\site-packages\requests\api.py"", line 73, in get
    return request(""get"", url, params=params, **kwargs)
  File ""C:\Users\J SRIHARI\AppData\Local\Programs\Python\Python314\Lib\site-packages\requests\api.py"", line 59, in request
    return session.request(method=method, url=url, **kwargs)
           ~~~~~~~~~~~~~~~^^^^^^^^^^^^^^^^^^^^^^^^^^^^^^^^^^
  File ""C:\Users\J SRIHARI\AppData\Local\Programs\Python\Python314\Lib\site-packages\requests\sessions.py"", line 592, in request
    resp = self.send(prep, **send_kwargs)
  File ""C:\Users\J SRIHARI\AppData\Local\Programs\Python\Python314\Lib\site-packages\requests\sessions.py"", line 706, in send
    r = adapter.send(request, **kwargs)
  File ""C:\Users\J SRIHARI\AppData\Local\Programs\Python\Python314\Lib\site-packages\requests\adapters.py"", line 678, in send
    raise ConnectionError(e, request=request)
requests.exceptions.ConnectionError: HTTPConnectionPool(host='invalid-payment-api.com', port=80): Max retries exceeded with url: / (Caused by NameResolutionError(""HTTPConnection(host='invalid-payment-api.com', port=80): Failed to resolve 'invalid-payment-api.com' ([Errno 11001] getaddrinfo failed)""))
",Python Runtime,LOW,API Failure,Check API endpoint and authentication,90
165,"Traceback (most recent call last):
  File ""C:\failure_learning_system\monitored_apps\backend.py"", line 3, in <module>
    print(numbers[11])
          ~~~~~~~^^^^
IndexError: list index out of range
",Python Runtime,LOW,Runtime Exception,Check application logic and traceback,70
166,"Traceback (most recent call last):
  File ""C:\failure_learning_system\monitored_apps\sample.py"", line 4, in <module>
    print(x / y)
          ~~^~~
ZeroDivisionError: division by zero
",Python Runtime,MEDIUM,Mathematical Runtime Exception,Check denominator before division,92
167,"Traceback (most recent call last):
  File ""C:\failure_learning_system\monitored_apps\api.py"", line 3, in <module>
    print(data[""name""])
          ~~~~^^^^^^^^
KeyError: 'name'
",Python Runtime,LOW,API Failure,Check API endpoint and authentication,90
168,"Traceback (most recent call last):
  File ""C:\Users\J SRIHARI\AppData\Local\Programs\Python\Python314\Lib\site-packages\urllib3\connection.py"", line 204, in _new_conn
    sock = connection.create_connection(
        (self._dns_host, self.port),
    ...<2 lines>...
        socket_options=self.socket_options,
    )
  File ""C:\Users\J SRIHARI\AppData\Local\Programs\Python\Python314\Lib\site-packages\urllib3\util\connection.py"", line 60, in create_connection
    for res in socket.getaddrinfo(host, port, family, socket.SOCK_STREAM):
               ~~~~~~~~~~~~~~~~~~^^^^^^^^^^^^^^^^^^^^^^^^^^^^^^^^^^^^^^^^
  File ""C:\Users\J SRIHARI\AppData\Local\Programs\Python\Python314\Lib\socket.py"", line 983, in getaddrinfo
    for res in _socket.getaddrinfo(host, port, family, type, proto, flags):
               ~~~~~~~~~~~~~~~~~~~^^^^^^^^^^^^^^^^^^^^^^^^^^^^^^^^^^^^^^^^
socket.gaierror: [Errno 11001] getaddrinfo failed

The above exception was the direct cause of the following exception:

Traceback (most recent call last):
  File ""C:\Users\J SRIHARI\AppData\Local\Programs\Python\Python314\Lib\site-packages\urllib3\connectionpool.py"", line 787, in urlopen
    response = self._make_request(
        conn,
    ...<10 lines>...
        **response_kw,
    )
  File ""C:\Users\J SRIHARI\AppData\Local\Programs\Python\Python314\Lib\site-packages\urllib3\connectionpool.py"", line 493, in _make_request
    conn.request(
    ~~~~~~~~~~~~^
        method,
        ^^^^^^^
    ...<6 lines>...
        enforce_content_length=enforce_content_length,
        ^^^^^^^^^^^^^^^^^^^^^^^^^^^^^^^^^^^^^^^^^^^^^^
    )
    ^
  File ""C:\Users\J SRIHARI\AppData\Local\Programs\Python\Python314\Lib\site-packages\urllib3\connection.py"", line 500, in request
    self.endheaders()
    ~~~~~~~~~~~~~~~^^
  File ""C:\Users\J SRIHARI\AppData\Local\Programs\Python\Python314\Lib\http\client.py"", line 1333, in endheaders
    self._send_output(message_body, encode_chunked=encode_chunked)
    ~~~~~~~~~~~~~~~~~^^^^^^^^^^^^^^^^^^^^^^^^^^^^^^^^^^^^^^^^^^^^^
  File ""C:\Users\J SRIHARI\AppData\Local\Programs\Python\Python314\Lib\http\client.py"", line 1093, in _send_output
    self.send(msg)
    ~~~~~~~~~^^^^^
  File ""C:\Users\J SRIHARI\AppData\Local\Programs\Python\Python314\Lib\http\client.py"", line 1037, in send
    self.connect()
    ~~~~~~~~~~~~^^
  File ""C:\Users\J SRIHARI\AppData\Local\Programs\Python\Python314\Lib\site-packages\urllib3\connection.py"", line 331, in connect
    self.sock = self._new_conn()
                ~~~~~~~~~~~~~~^^
  File ""C:\Users\J SRIHARI\AppData\Local\Programs\Python\Python314\Lib\site-packages\urllib3\connection.py"", line 211, in _new_conn
    raise NameResolutionError(self.host, self, e) from e
urllib3.exceptions.NameResolutionError: HTTPConnection(host='invalid-payment-api.com', port=80): Failed to resolve 'invalid-payment-api.com' ([Errno 11001] getaddrinfo failed)

The above exception was the direct cause of the following exception:

Traceback (most recent call last):
  File ""C:\Users\J SRIHARI\AppData\Local\Programs\Python\Python314\Lib\site-packages\requests\adapters.py"", line 645, in send
    resp = conn.urlopen(
        method=request.method,
    ...<9 lines>...
        chunked=chunked,
    )
  File ""C:\Users\J SRIHARI\AppData\Local\Programs\Python\Python314\Lib\site-packages\urllib3\connectionpool.py"", line 841, in urlopen
    retries = retries.increment(
        method, url, error=new_e, _pool=self, _stacktrace=sys.exc_info()[2]
    )
  File ""C:\Users\J SRIHARI\AppData\Local\Programs\Python\Python314\Lib\site-packages\urllib3\util\retry.py"", line 535, in increment
    raise MaxRetryError(_pool, url, reason) from reason  # type: ignore[arg-type]
    ^^^^^^^^^^^^^^^^^^^^^^^^^^^^^^^^^^^^^^^^^^^^^^^^^^^
urllib3.exceptions.MaxRetryError: HTTPConnectionPool(host='invalid-payment-api.com', port=80): Max retries exceeded with url: / (Caused by NameResolutionError(""HTTPConnection(host='invalid-payment-api.com', port=80): Failed to resolve 'invalid-payment-api.com' ([Errno 11001] getaddrinfo failed)""))

During handling of the above exception, another exception occurred:

Traceback (most recent call last):
  File ""C:\failure_learning_system\monitored_apps\payment.py"", line 3, in <module>
    requests.get(""http://invalid-payment-api.com"")
    ~~~~~~~~~~~~^^^^^^^^^^^^^^^^^^^^^^^^^^^^^^^^^^
  File ""C:\Users\J SRIHARI\AppData\Local\Programs\Python\Python314\Lib\site-packages\requests\api.py"", line 73, in get
    return request(""get"", url, params=params, **kwargs)
  File ""C:\Users\J SRIHARI\AppData\Local\Programs\Python\Python314\Lib\site-packages\requests\api.py"", line 59, in request
    return session.request(method=method, url=url, **kwargs)
           ~~~~~~~~~~~~~~~^^^^^^^^^^^^^^^^^^^^^^^^^^^^^^^^^^
  File ""C:\Users\J SRIHARI\AppData\Local\Programs\Python\Python314\Lib\site-packages\requests\sessions.py"", line 592, in request
    resp = self.send(prep, **send_kwargs)
  File ""C:\Users\J SRIHARI\AppData\Local\Programs\Python\Python314\Lib\site-packages\requests\sessions.py"", line 706, in send
    r = adapter.send(request, **kwargs)
  File ""C:\Users\J SRIHARI\AppData\Local\Programs\Python\Python314\Lib\site-packages\requests\adapters.py"", line 678, in send
    raise ConnectionError(e, request=request)
requests.exceptions.ConnectionError: HTTPConnectionPool(host='invalid-payment-api.com', port=80): Max retries exceeded with url: / (Caused by NameResolutionError(""HTTPConnection(host='invalid-payment-api.com', port=80): Failed to resolve 'invalid-payment-api.com' ([Errno 11001] getaddrinfo failed)""))
",Python Runtime,LOW,API Failure,Check API endpoint and authentication,90
169,"Traceback (most recent call last):
  File ""C:\failure_learning_system\monitored_apps\backend.py"", line 3, in <module>
    print(numbers[11])
          ~~~~~~~^^^^
IndexError: list index out of range
",Python Runtime,LOW,Runtime Exception,Check application logic and traceback,70
170,"Traceback (most recent call last):
  File ""C:\failure_learning_system\monitored_apps\sample.py"", line 4, in <module>
    print(x / y)
          ~~^~~
ZeroDivisionError: division by zero
",Python Runtime,MEDIUM,Mathematical Runtime Exception,Check denominator before division,92
171,"Traceback (most recent call last):
  File ""C:\failure_learning_system\monitored_apps\api.py"", line 3, in <module>
    print(data[""name""])
          ~~~~^^^^^^^^
KeyError: 'name'
",Python Runtime,LOW,API Failure,Check API endpoint and authentication,90
172,"Traceback (most recent call last):
  File ""C:\Users\J SRIHARI\AppData\Local\Programs\Python\Python314\Lib\site-packages\urllib3\connection.py"", line 204, in _new_conn
    sock = connection.create_connection(
        (self._dns_host, self.port),
    ...<2 lines>...
        socket_options=self.socket_options,
    )
  File ""C:\Users\J SRIHARI\AppData\Local\Programs\Python\Python314\Lib\site-packages\urllib3\util\connection.py"", line 60, in create_connection
    for res in socket.getaddrinfo(host, port, family, socket.SOCK_STREAM):
               ~~~~~~~~~~~~~~~~~~^^^^^^^^^^^^^^^^^^^^^^^^^^^^^^^^^^^^^^^^
  File ""C:\Users\J SRIHARI\AppData\Local\Programs\Python\Python314\Lib\socket.py"", line 983, in getaddrinfo
    for res in _socket.getaddrinfo(host, port, family, type, proto, flags):
               ~~~~~~~~~~~~~~~~~~~^^^^^^^^^^^^^^^^^^^^^^^^^^^^^^^^^^^^^^^^
socket.gaierror: [Errno 11001] getaddrinfo failed

The above exception was the direct cause of the following exception:

Traceback (most recent call last):
  File ""C:\Users\J SRIHARI\AppData\Local\Programs\Python\Python314\Lib\site-packages\urllib3\connectionpool.py"", line 787, in urlopen
    response = self._make_request(
        conn,
    ...<10 lines>...
        **response_kw,
    )
  File ""C:\Users\J SRIHARI\AppData\Local\Programs\Python\Python314\Lib\site-packages\urllib3\connectionpool.py"", line 493, in _make_request
    conn.request(
    ~~~~~~~~~~~~^
        method,
        ^^^^^^^
    ...<6 lines>...
        enforce_content_length=enforce_content_length,
        ^^^^^^^^^^^^^^^^^^^^^^^^^^^^^^^^^^^^^^^^^^^^^^
    )
    ^
  File ""C:\Users\J SRIHARI\AppData\Local\Programs\Python\Python314\Lib\site-packages\urllib3\connection.py"", line 500, in request
    self.endheaders()
    ~~~~~~~~~~~~~~~^^
  File ""C:\Users\J SRIHARI\AppData\Local\Programs\Python\Python314\Lib\http\client.py"", line 1333, in endheaders
    self._send_output(message_body, encode_chunked=encode_chunked)
    ~~~~~~~~~~~~~~~~~^^^^^^^^^^^^^^^^^^^^^^^^^^^^^^^^^^^^^^^^^^^^^
  File ""C:\Users\J SRIHARI\AppData\Local\Programs\Python\Python314\Lib\http\client.py"", line 1093, in _send_output
    self.send(msg)
    ~~~~~~~~~^^^^^
  File ""C:\Users\J SRIHARI\AppData\Local\Programs\Python\Python314\Lib\http\client.py"", line 1037, in send
    self.connect()
    ~~~~~~~~~~~~^^
  File ""C:\Users\J SRIHARI\AppData\Local\Programs\Python\Python314\Lib\site-packages\urllib3\connection.py"", line 331, in connect
    self.sock = self._new_conn()
                ~~~~~~~~~~~~~~^^
  File ""C:\Users\J SRIHARI\AppData\Local\Programs\Python\Python314\Lib\site-packages\urllib3\connection.py"", line 211, in _new_conn
    raise NameResolutionError(self.host, self, e) from e
urllib3.exceptions.NameResolutionError: HTTPConnection(host='invalid-payment-api.com', port=80): Failed to resolve 'invalid-payment-api.com' ([Errno 11001] getaddrinfo failed)

The above exception was the direct cause of the following exception:

Traceback (most recent call last):
  File ""C:\Users\J SRIHARI\AppData\Local\Programs\Python\Python314\Lib\site-packages\requests\adapters.py"", line 645, in send
    resp = conn.urlopen(
        method=request.method,
    ...<9 lines>...
        chunked=chunked,
    )
  File ""C:\Users\J SRIHARI\AppData\Local\Programs\Python\Python314\Lib\site-packages\urllib3\connectionpool.py"", line 841, in urlopen
    retries = retries.increment(
        method, url, error=new_e, _pool=self, _stacktrace=sys.exc_info()[2]
    )
  File ""C:\Users\J SRIHARI\AppData\Local\Programs\Python\Python314\Lib\site-packages\urllib3\util\retry.py"", line 535, in increment
    raise MaxRetryError(_pool, url, reason) from reason  # type: ignore[arg-type]
    ^^^^^^^^^^^^^^^^^^^^^^^^^^^^^^^^^^^^^^^^^^^^^^^^^^^
urllib3.exceptions.MaxRetryError: HTTPConnectionPool(host='invalid-payment-api.com', port=80): Max retries exceeded with url: / (Caused by NameResolutionError(""HTTPConnection(host='invalid-payment-api.com', port=80): Failed to resolve 'invalid-payment-api.com' ([Errno 11001] getaddrinfo failed)""))

During handling of the above exception, another exception occurred:

Traceback (most recent call last):
  File ""C:\failure_learning_system\monitored_apps\payment.py"", line 3, in <module>
    requests.get(""http://invalid-payment-api.com"")
    ~~~~~~~~~~~~^^^^^^^^^^^^^^^^^^^^^^^^^^^^^^^^^^
  File ""C:\Users\J SRIHARI\AppData\Local\Programs\Python\Python314\Lib\site-packages\requests\api.py"", line 73, in get
    return request(""get"", url, params=params, **kwargs)
  File ""C:\Users\J SRIHARI\AppData\Local\Programs\Python\Python314\Lib\site-packages\requests\api.py"", line 59, in request
    return session.request(method=method, url=url, **kwargs)
           ~~~~~~~~~~~~~~~^^^^^^^^^^^^^^^^^^^^^^^^^^^^^^^^^^
  File ""C:\Users\J SRIHARI\AppData\Local\Programs\Python\Python314\Lib\site-packages\requests\sessions.py"", line 592, in request
    resp = self.send(prep, **send_kwargs)
  File ""C:\Users\J SRIHARI\AppData\Local\Programs\Python\Python314\Lib\site-packages\requests\sessions.py"", line 706, in send
    r = adapter.send(request, **kwargs)
  File ""C:\Users\J SRIHARI\AppData\Local\Programs\Python\Python314\Lib\site-packages\requests\adapters.py"", line 678, in send
    raise ConnectionError(e, request=request)
requests.exceptions.ConnectionError: HTTPConnectionPool(host='invalid-payment-api.com', port=80): Max retries exceeded with url: / (Caused by NameResolutionError(""HTTPConnection(host='invalid-payment-api.com', port=80): Failed to resolve 'invalid-payment-api.com' ([Errno 11001] getaddrinfo failed)""))
",Python Runtime,LOW,API Failure,Check API endpoint and authentication,90
173,"Traceback (most recent call last):
  File ""C:\failure_learning_system\monitored_apps\backend.py"", line 3, in <module>
    print(numbers[11])
          ~~~~~~~^^^^
IndexError: list index out of range
",Python Runtime,LOW,Runtime Exception,Check application logic and traceback,70
174,"Traceback (most recent call last):
  File ""C:\failure_learning_system\monitored_apps\sample.py"", line 4, in <module>
    print(x / y)
          ~~^~~
ZeroDivisionError: division by zero
",Python Runtime,MEDIUM,Mathematical Runtime Exception,Check denominator before division,92
175,"Traceback (most recent call last):
  File ""C:\failure_learning_system\monitored_apps\api.py"", line 3, in <module>
    print(data[""name""])
          ~~~~^^^^^^^^
KeyError: 'name'
",Python Runtime,LOW,API Failure,Check API endpoint and authentication,90
176,"Traceback (most recent call last):
  File ""C:\Users\J SRIHARI\AppData\Local\Programs\Python\Python314\Lib\site-packages\urllib3\connection.py"", line 204, in _new_conn
    sock = connection.create_connection(
        (self._dns_host, self.port),
    ...<2 lines>...
        socket_options=self.socket_options,
    )
  File ""C:\Users\J SRIHARI\AppData\Local\Programs\Python\Python314\Lib\site-packages\urllib3\util\connection.py"", line 60, in create_connection
    for res in socket.getaddrinfo(host, port, family, socket.SOCK_STREAM):
               ~~~~~~~~~~~~~~~~~~^^^^^^^^^^^^^^^^^^^^^^^^^^^^^^^^^^^^^^^^
  File ""C:\Users\J SRIHARI\AppData\Local\Programs\Python\Python314\Lib\socket.py"", line 983, in getaddrinfo
    for res in _socket.getaddrinfo(host, port, family, type, proto, flags):
               ~~~~~~~~~~~~~~~~~~~^^^^^^^^^^^^^^^^^^^^^^^^^^^^^^^^^^^^^^^^
socket.gaierror: [Errno 11001] getaddrinfo failed

The above exception was the direct cause of the following exception:

Traceback (most recent call last):
  File ""C:\Users\J SRIHARI\AppData\Local\Programs\Python\Python314\Lib\site-packages\urllib3\connectionpool.py"", line 787, in urlopen
    response = self._make_request(
        conn,
    ...<10 lines>...
        **response_kw,
    )
  File ""C:\Users\J SRIHARI\AppData\Local\Programs\Python\Python314\Lib\site-packages\urllib3\connectionpool.py"", line 493, in _make_request
    conn.request(
    ~~~~~~~~~~~~^
        method,
        ^^^^^^^
    ...<6 lines>...
        enforce_content_length=enforce_content_length,
        ^^^^^^^^^^^^^^^^^^^^^^^^^^^^^^^^^^^^^^^^^^^^^^
    )
    ^
  File ""C:\Users\J SRIHARI\AppData\Local\Programs\Python\Python314\Lib\site-packages\urllib3\connection.py"", line 500, in request
    self.endheaders()
    ~~~~~~~~~~~~~~~^^
  File ""C:\Users\J SRIHARI\AppData\Local\Programs\Python\Python314\Lib\http\client.py"", line 1333, in endheaders
    self._send_output(message_body, encode_chunked=encode_chunked)
    ~~~~~~~~~~~~~~~~~^^^^^^^^^^^^^^^^^^^^^^^^^^^^^^^^^^^^^^^^^^^^^
  File ""C:\Users\J SRIHARI\AppData\Local\Programs\Python\Python314\Lib\http\client.py"", line 1093, in _send_output
    self.send(msg)
    ~~~~~~~~~^^^^^
  File ""C:\Users\J SRIHARI\AppData\Local\Programs\Python\Python314\Lib\http\client.py"", line 1037, in send
    self.connect()
    ~~~~~~~~~~~~^^
  File ""C:\Users\J SRIHARI\AppData\Local\Programs\Python\Python314\Lib\site-packages\urllib3\connection.py"", line 331, in connect
    self.sock = self._new_conn()
                ~~~~~~~~~~~~~~^^
  File ""C:\Users\J SRIHARI\AppData\Local\Programs\Python\Python314\Lib\site-packages\urllib3\connection.py"", line 211, in _new_conn
    raise NameResolutionError(self.host, self, e) from e
urllib3.exceptions.NameResolutionError: HTTPConnection(host='invalid-payment-api.com', port=80): Failed to resolve 'invalid-payment-api.com' ([Errno 11001] getaddrinfo failed)

The above exception was the direct cause of the following exception:

Traceback (most recent call last):
  File ""C:\Users\J SRIHARI\AppData\Local\Programs\Python\Python314\Lib\site-packages\requests\adapters.py"", line 645, in send
    resp = conn.urlopen(
        method=request.method,
    ...<9 lines>...
        chunked=chunked,
    )
  File ""C:\Users\J SRIHARI\AppData\Local\Programs\Python\Python314\Lib\site-packages\urllib3\connectionpool.py"", line 841, in urlopen
    retries = retries.increment(
        method, url, error=new_e, _pool=self, _stacktrace=sys.exc_info()[2]
    )
  File ""C:\Users\J SRIHARI\AppData\Local\Programs\Python\Python314\Lib\site-packages\urllib3\util\retry.py"", line 535, in increment
    raise MaxRetryError(_pool, url, reason) from reason  # type: ignore[arg-type]
    ^^^^^^^^^^^^^^^^^^^^^^^^^^^^^^^^^^^^^^^^^^^^^^^^^^^
urllib3.exceptions.MaxRetryError: HTTPConnectionPool(host='invalid-payment-api.com', port=80): Max retries exceeded with url: / (Caused by NameResolutionError(""HTTPConnection(host='invalid-payment-api.com', port=80): Failed to resolve 'invalid-payment-api.com' ([Errno 11001] getaddrinfo failed)""))

During handling of the above exception, another exception occurred:

Traceback (most recent call last):
  File ""C:\failure_learning_system\monitored_apps\payment.py"", line 3, in <module>
    requests.get(""http://invalid-payment-api.com"")
    ~~~~~~~~~~~~^^^^^^^^^^^^^^^^^^^^^^^^^^^^^^^^^^
  File ""C:\Users\J SRIHARI\AppData\Local\Programs\Python\Python314\Lib\site-packages\requests\api.py"", line 73, in get
    return request(""get"", url, params=params, **kwargs)
  File ""C:\Users\J SRIHARI\AppData\Local\Programs\Python\Python314\Lib\site-packages\requests\api.py"", line 59, in request
    return session.request(method=method, url=url, **kwargs)
           ~~~~~~~~~~~~~~~^^^^^^^^^^^^^^^^^^^^^^^^^^^^^^^^^^
  File ""C:\Users\J SRIHARI\AppData\Local\Programs\Python\Python314\Lib\site-packages\requests\sessions.py"", line 592, in request
    resp = self.send(prep, **send_kwargs)
  File ""C:\Users\J SRIHARI\AppData\Local\Programs\Python\Python314\Lib\site-packages\requests\sessions.py"", line 706, in send
    r = adapter.send(request, **kwargs)
  File ""C:\Users\J SRIHARI\AppData\Local\Programs\Python\Python314\Lib\site-packages\requests\adapters.py"", line 678, in send
    raise ConnectionError(e, request=request)
requests.exceptions.ConnectionError: HTTPConnectionPool(host='invalid-payment-api.com', port=80): Max retries exceeded with url: / (Caused by NameResolutionError(""HTTPConnection(host='invalid-payment-api.com', port=80): Failed to resolve 'invalid-payment-api.com' ([Errno 11001] getaddrinfo failed)""))
",Python Runtime,LOW,API Failure,Check API endpoint and authentication,90
177,"Traceback (most recent call last):
  File ""C:\failure_learning_system\monitored_apps\backend.py"", line 3, in <module>
    print(numbers[11])
          ~~~~~~~^^^^
IndexError: list index out of range
",Python Runtime,LOW,Runtime Exception,Check application logic and traceback,70
178,"Traceback (most recent call last):
  File ""C:\failure_learning_system\monitored_apps\sample.py"", line 4, in <module>
    print(x / y)
          ~~^~~
ZeroDivisionError: division by zero
",Python Runtime,MEDIUM,Mathematical Runtime Exception,Check denominator before division,92
179,"Traceback (most recent call last):
  File ""C:\failure_learning_system\monitored_apps\api.py"", line 3, in <module>
    print(data[""name""])
          ~~~~^^^^^^^^
KeyError: 'name'
",Python Runtime,LOW,API Failure,Check API endpoint and authentication,90
180,"Traceback (most recent call last):
  File ""C:\Users\J SRIHARI\AppData\Local\Programs\Python\Python314\Lib\site-packages\urllib3\connection.py"", line 204, in _new_conn
    sock = connection.create_connection(
        (self._dns_host, self.port),
    ...<2 lines>...
        socket_options=self.socket_options,
    )
  File ""C:\Users\J SRIHARI\AppData\Local\Programs\Python\Python314\Lib\site-packages\urllib3\util\connection.py"", line 60, in create_connection
    for res in socket.getaddrinfo(host, port, family, socket.SOCK_STREAM):
               ~~~~~~~~~~~~~~~~~~^^^^^^^^^^^^^^^^^^^^^^^^^^^^^^^^^^^^^^^^
  File ""C:\Users\J SRIHARI\AppData\Local\Programs\Python\Python314\Lib\socket.py"", line 983, in getaddrinfo
    for res in _socket.getaddrinfo(host, port, family, type, proto, flags):
               ~~~~~~~~~~~~~~~~~~~^^^^^^^^^^^^^^^^^^^^^^^^^^^^^^^^^^^^^^^^
socket.gaierror: [Errno 11001] getaddrinfo failed

The above exception was the direct cause of the following exception:

Traceback (most recent call last):
  File ""C:\Users\J SRIHARI\AppData\Local\Programs\Python\Python314\Lib\site-packages\urllib3\connectionpool.py"", line 787, in urlopen
    response = self._make_request(
        conn,
    ...<10 lines>...
        **response_kw,
    )
  File ""C:\Users\J SRIHARI\AppData\Local\Programs\Python\Python314\Lib\site-packages\urllib3\connectionpool.py"", line 493, in _make_request
    conn.request(
    ~~~~~~~~~~~~^
        method,
        ^^^^^^^
    ...<6 lines>...
        enforce_content_length=enforce_content_length,
        ^^^^^^^^^^^^^^^^^^^^^^^^^^^^^^^^^^^^^^^^^^^^^^
    )
    ^
  File ""C:\Users\J SRIHARI\AppData\Local\Programs\Python\Python314\Lib\site-packages\urllib3\connection.py"", line 500, in request
    self.endheaders()
    ~~~~~~~~~~~~~~~^^
  File ""C:\Users\J SRIHARI\AppData\Local\Programs\Python\Python314\Lib\http\client.py"", line 1333, in endheaders
    self._send_output(message_body, encode_chunked=encode_chunked)
    ~~~~~~~~~~~~~~~~~^^^^^^^^^^^^^^^^^^^^^^^^^^^^^^^^^^^^^^^^^^^^^
  File ""C:\Users\J SRIHARI\AppData\Local\Programs\Python\Python314\Lib\http\client.py"", line 1093, in _send_output
    self.send(msg)
    ~~~~~~~~~^^^^^
  File ""C:\Users\J SRIHARI\AppData\Local\Programs\Python\Python314\Lib\http\client.py"", line 1037, in send
    self.connect()
    ~~~~~~~~~~~~^^
  File ""C:\Users\J SRIHARI\AppData\Local\Programs\Python\Python314\Lib\site-packages\urllib3\connection.py"", line 331, in connect
    self.sock = self._new_conn()
                ~~~~~~~~~~~~~~^^
  File ""C:\Users\J SRIHARI\AppData\Local\Programs\Python\Python314\Lib\site-packages\urllib3\connection.py"", line 211, in _new_conn
    raise NameResolutionError(self.host, self, e) from e
urllib3.exceptions.NameResolutionError: HTTPConnection(host='invalid-payment-api.com', port=80): Failed to resolve 'invalid-payment-api.com' ([Errno 11001] getaddrinfo failed)

The above exception was the direct cause of the following exception:

Traceback (most recent call last):
  File ""C:\Users\J SRIHARI\AppData\Local\Programs\Python\Python314\Lib\site-packages\requests\adapters.py"", line 645, in send
    resp = conn.urlopen(
        method=request.method,
    ...<9 lines>...
        chunked=chunked,
    )
  File ""C:\Users\J SRIHARI\AppData\Local\Programs\Python\Python314\Lib\site-packages\urllib3\connectionpool.py"", line 841, in urlopen
    retries = retries.increment(
        method, url, error=new_e, _pool=self, _stacktrace=sys.exc_info()[2]
    )
  File ""C:\Users\J SRIHARI\AppData\Local\Programs\Python\Python314\Lib\site-packages\urllib3\util\retry.py"", line 535, in increment
    raise MaxRetryError(_pool, url, reason) from reason  # type: ignore[arg-type]
    ^^^^^^^^^^^^^^^^^^^^^^^^^^^^^^^^^^^^^^^^^^^^^^^^^^^
urllib3.exceptions.MaxRetryError: HTTPConnectionPool(host='invalid-payment-api.com', port=80): Max retries exceeded with url: / (Caused by NameResolutionError(""HTTPConnection(host='invalid-payment-api.com', port=80): Failed to resolve 'invalid-payment-api.com' ([Errno 11001] getaddrinfo failed)""))

During handling of the above exception, another exception occurred:

Traceback (most recent call last):
  File ""C:\failure_learning_system\monitored_apps\payment.py"", line 3, in <module>
    requests.get(""http://invalid-payment-api.com"")
    ~~~~~~~~~~~~^^^^^^^^^^^^^^^^^^^^^^^^^^^^^^^^^^
  File ""C:\Users\J SRIHARI\AppData\Local\Programs\Python\Python314\Lib\site-packages\requests\api.py"", line 73, in get
    return request(""get"", url, params=params, **kwargs)
  File ""C:\Users\J SRIHARI\AppData\Local\Programs\Python\Python314\Lib\site-packages\requests\api.py"", line 59, in request
    return session.request(method=method, url=url, **kwargs)
           ~~~~~~~~~~~~~~~^^^^^^^^^^^^^^^^^^^^^^^^^^^^^^^^^^
  File ""C:\Users\J SRIHARI\AppData\Local\Programs\Python\Python314\Lib\site-packages\requests\sessions.py"", line 592, in request
    resp = self.send(prep, **send_kwargs)
  File ""C:\Users\J SRIHARI\AppData\Local\Programs\Python\Python314\Lib\site-packages\requests\sessions.py"", line 706, in send
    r = adapter.send(request, **kwargs)
  File ""C:\Users\J SRIHARI\AppData\Local\Programs\Python\Python314\Lib\site-packages\requests\adapters.py"", line 678, in send
    raise ConnectionError(e, request=request)
requests.exceptions.ConnectionError: HTTPConnectionPool(host='invalid-payment-api.com', port=80): Max retries exceeded with url: / (Caused by NameResolutionError(""HTTPConnection(host='invalid-payment-api.com', port=80): Failed to resolve 'invalid-payment-api.com' ([Errno 11001] getaddrinfo failed)""))
",Python Runtime,LOW,API Failure,Check API endpoint and authentication,90
181,"Traceback (most recent call last):
  File ""C:\failure_learning_system\monitored_apps\backend.py"", line 3, in <module>
    print(numbers[11])
          ~~~~~~~^^^^
IndexError: list index out of range
",Python Runtime,LOW,Runtime Exception,Check application logic and traceback,70
182,"Traceback (most recent call last):
  File ""C:\failure_learning_system\monitored_apps\sample.py"", line 4, in <module>
    print(x / y)
          ~~^~~
ZeroDivisionError: division by zero
",Python Runtime,MEDIUM,Mathematical Runtime Exception,Check denominator before division,92
183,"Traceback (most recent call last):
  File ""C:\failure_learning_system\monitored_apps\api.py"", line 3, in <module>
    print(data[""name""])
          ~~~~^^^^^^^^
KeyError: 'name'
",Python Runtime,LOW,API Failure,Check API endpoint and authentication,90
184,"Traceback (most recent call last):
  File ""C:\Users\J SRIHARI\AppData\Local\Programs\Python\Python314\Lib\site-packages\urllib3\connection.py"", line 204, in _new_conn
    sock = connection.create_connection(
        (self._dns_host, self.port),
    ...<2 lines>...
        socket_options=self.socket_options,
    )
  File ""C:\Users\J SRIHARI\AppData\Local\Programs\Python\Python314\Lib\site-packages\urllib3\util\connection.py"", line 60, in create_connection
    for res in socket.getaddrinfo(host, port, family, socket.SOCK_STREAM):
               ~~~~~~~~~~~~~~~~~~^^^^^^^^^^^^^^^^^^^^^^^^^^^^^^^^^^^^^^^^
  File ""C:\Users\J SRIHARI\AppData\Local\Programs\Python\Python314\Lib\socket.py"", line 983, in getaddrinfo
    for res in _socket.getaddrinfo(host, port, family, type, proto, flags):
               ~~~~~~~~~~~~~~~~~~~^^^^^^^^^^^^^^^^^^^^^^^^^^^^^^^^^^^^^^^^
socket.gaierror: [Errno 11001] getaddrinfo failed

The above exception was the direct cause of the following exception:

Traceback (most recent call last):
  File ""C:\Users\J SRIHARI\AppData\Local\Programs\Python\Python314\Lib\site-packages\urllib3\connectionpool.py"", line 787, in urlopen
    response = self._make_request(
        conn,
    ...<10 lines>...
        **response_kw,
    )
  File ""C:\Users\J SRIHARI\AppData\Local\Programs\Python\Python314\Lib\site-packages\urllib3\connectionpool.py"", line 493, in _make_request
    conn.request(
    ~~~~~~~~~~~~^
        method,
        ^^^^^^^
    ...<6 lines>...
        enforce_content_length=enforce_content_length,
        ^^^^^^^^^^^^^^^^^^^^^^^^^^^^^^^^^^^^^^^^^^^^^^
    )
    ^
  File ""C:\Users\J SRIHARI\AppData\Local\Programs\Python\Python314\Lib\site-packages\urllib3\connection.py"", line 500, in request
    self.endheaders()
    ~~~~~~~~~~~~~~~^^
  File ""C:\Users\J SRIHARI\AppData\Local\Programs\Python\Python314\Lib\http\client.py"", line 1333, in endheaders
    self._send_output(message_body, encode_chunked=encode_chunked)
    ~~~~~~~~~~~~~~~~~^^^^^^^^^^^^^^^^^^^^^^^^^^^^^^^^^^^^^^^^^^^^^
  File ""C:\Users\J SRIHARI\AppData\Local\Programs\Python\Python314\Lib\http\client.py"", line 1093, in _send_output
    self.send(msg)
    ~~~~~~~~~^^^^^
  File ""C:\Users\J SRIHARI\AppData\Local\Programs\Python\Python314\Lib\http\client.py"", line 1037, in send
    self.connect()
    ~~~~~~~~~~~~^^
  File ""C:\Users\J SRIHARI\AppData\Local\Programs\Python\Python314\Lib\site-packages\urllib3\connection.py"", line 331, in connect
    self.sock = self._new_conn()
                ~~~~~~~~~~~~~~^^
  File ""C:\Users\J SRIHARI\AppData\Local\Programs\Python\Python314\Lib\site-packages\urllib3\connection.py"", line 211, in _new_conn
    raise NameResolutionError(self.host, self, e) from e
urllib3.exceptions.NameResolutionError: HTTPConnection(host='invalid-payment-api.com', port=80): Failed to resolve 'invalid-payment-api.com' ([Errno 11001] getaddrinfo failed)

The above exception was the direct cause of the following exception:

Traceback (most recent call last):
  File ""C:\Users\J SRIHARI\AppData\Local\Programs\Python\Python314\Lib\site-packages\requests\adapters.py"", line 645, in send
    resp = conn.urlopen(
        method=request.method,
    ...<9 lines>...
        chunked=chunked,
    )
  File ""C:\Users\J SRIHARI\AppData\Local\Programs\Python\Python314\Lib\site-packages\urllib3\connectionpool.py"", line 841, in urlopen
    retries = retries.increment(
        method, url, error=new_e, _pool=self, _stacktrace=sys.exc_info()[2]
    )
  File ""C:\Users\J SRIHARI\AppData\Local\Programs\Python\Python314\Lib\site-packages\urllib3\util\retry.py"", line 535, in increment
    raise MaxRetryError(_pool, url, reason) from reason  # type: ignore[arg-type]
    ^^^^^^^^^^^^^^^^^^^^^^^^^^^^^^^^^^^^^^^^^^^^^^^^^^^
urllib3.exceptions.MaxRetryError: HTTPConnectionPool(host='invalid-payment-api.com', port=80): Max retries exceeded with url: / (Caused by NameResolutionError(""HTTPConnection(host='invalid-payment-api.com', port=80): Failed to resolve 'invalid-payment-api.com' ([Errno 11001] getaddrinfo failed)""))

During handling of the above exception, another exception occurred:

Traceback (most recent call last):
  File ""C:\failure_learning_system\monitored_apps\payment.py"", line 3, in <module>
    requests.get(""http://invalid-payment-api.com"")
    ~~~~~~~~~~~~^^^^^^^^^^^^^^^^^^^^^^^^^^^^^^^^^^
  File ""C:\Users\J SRIHARI\AppData\Local\Programs\Python\Python314\Lib\site-packages\requests\api.py"", line 73, in get
    return request(""get"", url, params=params, **kwargs)
  File ""C:\Users\J SRIHARI\AppData\Local\Programs\Python\Python314\Lib\site-packages\requests\api.py"", line 59, in request
    return session.request(method=method, url=url, **kwargs)
           ~~~~~~~~~~~~~~~^^^^^^^^^^^^^^^^^^^^^^^^^^^^^^^^^^
  File ""C:\Users\J SRIHARI\AppData\Local\Programs\Python\Python314\Lib\site-packages\requests\sessions.py"", line 592, in request
    resp = self.send(prep, **send_kwargs)
  File ""C:\Users\J SRIHARI\AppData\Local\Programs\Python\Python314\Lib\site-packages\requests\sessions.py"", line 706, in send
    r = adapter.send(request, **kwargs)
  File ""C:\Users\J SRIHARI\AppData\Local\Programs\Python\Python314\Lib\site-packages\requests\adapters.py"", line 678, in send
    raise ConnectionError(e, request=request)
requests.exceptions.ConnectionError: HTTPConnectionPool(host='invalid-payment-api.com', port=80): Max retries exceeded with url: / (Caused by NameResolutionError(""HTTPConnection(host='invalid-payment-api.com', port=80): Failed to resolve 'invalid-payment-api.com' ([Errno 11001] getaddrinfo failed)""))
",Python Runtime,LOW,API Failure,Check API endpoint and authentication,90
185,"Traceback (most recent call last):
  File ""C:\failure_learning_system\monitored_apps\backend.py"", line 3, in <module>
    print(numbers[11])
          ~~~~~~~^^^^
IndexError: list index out of range
",Python Runtime,LOW,Runtime Exception,Check application logic and traceback,70
186,"Traceback (most recent call last):
  File ""C:\failure_learning_system\monitored_apps\sample.py"", line 4, in <module>
    print(x / y)
          ~~^~~
ZeroDivisionError: division by zero
",Python Runtime,MEDIUM,Mathematical Runtime Exception,Check denominator before division,92
187,"Traceback (most recent call last):
  File ""C:\failure_learning_system\monitored_apps\api.py"", line 3, in <module>
    print(data[""name""])
          ~~~~^^^^^^^^
KeyError: 'name'
",Python Runtime,LOW,API Failure,Check API endpoint and authentication,90
188,"Traceback (most recent call last):
  File ""C:\Users\J SRIHARI\AppData\Local\Programs\Python\Python314\Lib\site-packages\urllib3\connection.py"", line 204, in _new_conn
    sock = connection.create_connection(
        (self._dns_host, self.port),
    ...<2 lines>...
        socket_options=self.socket_options,
    )
  File ""C:\Users\J SRIHARI\AppData\Local\Programs\Python\Python314\Lib\site-packages\urllib3\util\connection.py"", line 60, in create_connection
    for res in socket.getaddrinfo(host, port, family, socket.SOCK_STREAM):
               ~~~~~~~~~~~~~~~~~~^^^^^^^^^^^^^^^^^^^^^^^^^^^^^^^^^^^^^^^^
  File ""C:\Users\J SRIHARI\AppData\Local\Programs\Python\Python314\Lib\socket.py"", line 983, in getaddrinfo
    for res in _socket.getaddrinfo(host, port, family, type, proto, flags):
               ~~~~~~~~~~~~~~~~~~~^^^^^^^^^^^^^^^^^^^^^^^^^^^^^^^^^^^^^^^^
socket.gaierror: [Errno 11001] getaddrinfo failed

The above exception was the direct cause of the following exception:

Traceback (most recent call last):
  File ""C:\Users\J SRIHARI\AppData\Local\Programs\Python\Python314\Lib\site-packages\urllib3\connectionpool.py"", line 787, in urlopen
    response = self._make_request(
        conn,
    ...<10 lines>...
        **response_kw,
    )
  File ""C:\Users\J SRIHARI\AppData\Local\Programs\Python\Python314\Lib\site-packages\urllib3\connectionpool.py"", line 493, in _make_request
    conn.request(
    ~~~~~~~~~~~~^
        method,
        ^^^^^^^
    ...<6 lines>...
        enforce_content_length=enforce_content_length,
        ^^^^^^^^^^^^^^^^^^^^^^^^^^^^^^^^^^^^^^^^^^^^^^
    )
    ^
  File ""C:\Users\J SRIHARI\AppData\Local\Programs\Python\Python314\Lib\site-packages\urllib3\connection.py"", line 500, in request
    self.endheaders()
    ~~~~~~~~~~~~~~~^^
  File ""C:\Users\J SRIHARI\AppData\Local\Programs\Python\Python314\Lib\http\client.py"", line 1333, in endheaders
    self._send_output(message_body, encode_chunked=encode_chunked)
    ~~~~~~~~~~~~~~~~~^^^^^^^^^^^^^^^^^^^^^^^^^^^^^^^^^^^^^^^^^^^^^
  File ""C:\Users\J SRIHARI\AppData\Local\Programs\Python\Python314\Lib\http\client.py"", line 1093, in _send_output
    self.send(msg)
    ~~~~~~~~~^^^^^
  File ""C:\Users\J SRIHARI\AppData\Local\Programs\Python\Python314\Lib\http\client.py"", line 1037, in send
    self.connect()
    ~~~~~~~~~~~~^^
  File ""C:\Users\J SRIHARI\AppData\Local\Programs\Python\Python314\Lib\site-packages\urllib3\connection.py"", line 331, in connect
    self.sock = self._new_conn()
                ~~~~~~~~~~~~~~^^
  File ""C:\Users\J SRIHARI\AppData\Local\Programs\Python\Python314\Lib\site-packages\urllib3\connection.py"", line 211, in _new_conn
    raise NameResolutionError(self.host, self, e) from e
urllib3.exceptions.NameResolutionError: HTTPConnection(host='invalid-payment-api.com', port=80): Failed to resolve 'invalid-payment-api.com' ([Errno 11001] getaddrinfo failed)

The above exception was the direct cause of the following exception:

Traceback (most recent call last):
  File ""C:\Users\J SRIHARI\AppData\Local\Programs\Python\Python314\Lib\site-packages\requests\adapters.py"", line 645, in send
    resp = conn.urlopen(
        method=request.method,
    ...<9 lines>...
        chunked=chunked,
    )
  File ""C:\Users\J SRIHARI\AppData\Local\Programs\Python\Python314\Lib\site-packages\urllib3\connectionpool.py"", line 841, in urlopen
    retries = retries.increment(
        method, url, error=new_e, _pool=self, _stacktrace=sys.exc_info()[2]
    )
  File ""C:\Users\J SRIHARI\AppData\Local\Programs\Python\Python314\Lib\site-packages\urllib3\util\retry.py"", line 535, in increment
    raise MaxRetryError(_pool, url, reason) from reason  # type: ignore[arg-type]
    ^^^^^^^^^^^^^^^^^^^^^^^^^^^^^^^^^^^^^^^^^^^^^^^^^^^
urllib3.exceptions.MaxRetryError: HTTPConnectionPool(host='invalid-payment-api.com', port=80): Max retries exceeded with url: / (Caused by NameResolutionError(""HTTPConnection(host='invalid-payment-api.com', port=80): Failed to resolve 'invalid-payment-api.com' ([Errno 11001] getaddrinfo failed)""))

During handling of the above exception, another exception occurred:

Traceback (most recent call last):
  File ""C:\failure_learning_system\monitored_apps\payment.py"", line 3, in <module>
    requests.get(""http://invalid-payment-api.com"")
    ~~~~~~~~~~~~^^^^^^^^^^^^^^^^^^^^^^^^^^^^^^^^^^
  File ""C:\Users\J SRIHARI\AppData\Local\Programs\Python\Python314\Lib\site-packages\requests\api.py"", line 73, in get
    return request(""get"", url, params=params, **kwargs)
  File ""C:\Users\J SRIHARI\AppData\Local\Programs\Python\Python314\Lib\site-packages\requests\api.py"", line 59, in request
    return session.request(method=method, url=url, **kwargs)
           ~~~~~~~~~~~~~~~^^^^^^^^^^^^^^^^^^^^^^^^^^^^^^^^^^
  File ""C:\Users\J SRIHARI\AppData\Local\Programs\Python\Python314\Lib\site-packages\requests\sessions.py"", line 592, in request
    resp = self.send(prep, **send_kwargs)
  File ""C:\Users\J SRIHARI\AppData\Local\Programs\Python\Python314\Lib\site-packages\requests\sessions.py"", line 706, in send
    r = adapter.send(request, **kwargs)
  File ""C:\Users\J SRIHARI\AppData\Local\Programs\Python\Python314\Lib\site-packages\requests\adapters.py"", line 678, in send
    raise ConnectionError(e, request=request)
requests.exceptions.ConnectionError: HTTPConnectionPool(host='invalid-payment-api.com', port=80): Max retries exceeded with url: / (Caused by NameResolutionError(""HTTPConnection(host='invalid-payment-api.com', port=80): Failed to resolve 'invalid-payment-api.com' ([Errno 11001] getaddrinfo failed)""))
",Python Runtime,LOW,API Failure,Check API endpoint and authentication,90
189,"Traceback (most recent call last):
  File ""C:\failure_learning_system\monitored_apps\backend.py"", line 3, in <module>
    print(numbers[11])
          ~~~~~~~^^^^
IndexError: list index out of range
",Python Runtime,LOW,Runtime Exception,Check application logic and traceback,70
